date,e,ro,smlt,tp
1999-01-03,-0.00062660736,0.00115545748,-4.1909517000000004e-09,0.0002106091903
1999-01-10,-0.00239633938,0.00285615376,3.34476320805e-05,0.00775412748
1999-01-17,-0.0035710533200000003,0.0029862822299999998,0.0026029108290161,0.012078526799342
1999-01-24,-0.0012321239115,0.00296578663,1.3463596706099999e-05,0.0015162544461986
1999-01-31,-0.0017777685,0.00309306649,8.7486463543e-06,0.014691231175
1999-02-07,-0.002701713429,0.00333471486,0.0095916976931761,0.0307199073
1999-02-14,-0.001296111339,0.0032387988,-9.7788873e-09,0.01398591472
1999-02-21,-0.00116356208,0.00350808219,0.0074715790550483,0.0217215551
1999-02-28,-0.0021444308895,0.00395758995,0.0266962481313861,0.009287813076
1999-03-07,-0.008284792919999999,0.00456994149,0.011863587504348301,0.020244500097
1999-03-14,-0.006768912530000001,0.00539889218,0.0007078470686747,0.017537056257
1999-03-21,-0.0061581037000000005,0.00621336704,0.00016659451253609998,0.0066401244673146
1999-03-28,-0.0131209545,0.00654626524,6.442226550499999e-06,0.0058755730790646
1999-04-04,-0.0138341241,0.0064027486,-9.7788873e-09,0.0003752402934584
1999-04-11,-0.0101620625,0.00617327566,-9.7788873e-09,0.008010798785
1999-04-18,-0.0132200922,0.00608037832,4.3964180965999996e-06,0.032117568057
1999-04-25,-0.0151491542,0.0056193868700000005,8.1309765805e-06,0.01868106502
1999-05-02,-0.0178984431,0.00527309052,-9.7788873e-09,0.0113854388043146
1999-05-09,-0.0205005674,0.0048541042,-9.7788873e-09,0.0035772214910938
1999-05-16,-0.0178403146,0.00453748587,-9.7788873e-09,0.0230373066
1999-05-23,-0.0226243439,0.0040119739,-9.7788873e-09,0.0023950419745946
1999-05-30,-0.0177235765,0.00349999364,-9.7788873e-09,0.0060461265596291995
1999-06-06,-0.017111105,0.0030879855,-9.7788873e-09,0.026956408549999998
1999-06-13,-0.0180052927,0.0028172437,-9.7788873e-09,0.035984717373
1999-06-20,-0.012641364200000001,0.00309000162,-9.7788873e-09,0.0377514303
1999-06-27,-0.023634766,0.00271102349,-9.7788873e-09,0.038665999232900004
1999-07-04,-0.0277964108,0.00209822467,-9.7788873e-09,0.0080149722620646
1999-07-11,-0.022743831,0.00205322247,-9.7788873e-09,0.0302737995511
1999-07-18,-0.025055447,0.00229361338,-9.7788873e-09,0.037272318209
1999-07-25,-0.0242310575,0.00166409899,-9.7788873e-09,0.007368487877960001
1999-08-01,-0.0204401189,0.0015072518,-9.7788873e-09,0.001732238471
1999-08-08,-0.0125107412,0.00137438869,-9.7788873e-09,0.00534093935
1999-08-15,-0.013791559,0.0012728769,-9.7788873e-09,0.013821611416
1999-08-22,-0.0150542176,0.0011739217500000001,-9.7788873e-09,0.010975279932
1999-08-29,-0.012471081,0.00109500399,-9.7788873e-09,0.0077591643620646
1999-09-05,-0.0132098535,0.00108119019,-9.7788873e-09,0.0176929030256206
1999-09-12,-0.0116687956,0.00094044626,-9.7788873e-09,0.00037158080922919997
1999-09-19,-0.00649942355,0.00087647952,-9.7788873e-09,0.0041036326656938
1999-09-26,-0.00792538034,0.000875001346,-9.7788873e-09,0.020098990501048
1999-10-03,-0.0100298922,0.00080653964,-9.7788873e-09,0.0101052834120646
1999-10-10,-0.0072643324,0.00092102335,-9.7788873e-09,0.0363716087
1999-10-17,-0.00640461503,0.000857585094,-9.7788873e-09,0.0195041462
1999-10-24,-0.00483945087,0.000702684035,2.12166926e-08,0.0031214381942800003
1999-10-31,-0.0056459095,0.000689345159,-9.7788873e-09,0.005187438297
1999-11-07,-0.00370130653,0.00065511435,-9.7788873e-09,0.00157943637647
1999-11-14,-0.00351165464,0.00084973272,0.000479127755726,0.0293088953627
1999-11-21,-0.001554943118,0.000636912126,3.11297908963e-05,0.011610138484
1999-11-28,-0.000475558433,0.00075427207,0.0129697279640322,0.022000334546
1999-12-05,-0.0043300178199999996,0.0007194041,0.0046211538260161,0.0068498013965
1999-12-12,-0.00416717134,0.000703011739,0.0024775521930622,0.007182844651760001
1999-12-19,-0.0025439212,0.000672499491,6.52863732844e-05,0.00687929559
1999-12-26,-0.00172683309,0.00068279018,0.00035168684809660004,0.01305372398643
2000-01-02,-0.000808653059,0.000660447516,0.00021947939297020002,0.00820367938
2000-01-09,-0.00217473809,0.000680416353,0.0072360244977,0.007891001267
2000-01-16,-0.0012523505000000001,0.000600510615,9.10895e-05,0.0039305365518
2000-01-23,-0.00260973828,0.000704356031,0.0027752279503399997,0.0318444844
2000-01-30,-0.002979898297,0.00085822446,0.0181381188,0.01626910472
2000-02-06,-0.00425675563,0.0013917135,0.01478684501,0.02080144257
2000-02-13,-0.00553838503,0.00096743052,0.0007401093968359999,0.01651879034
2000-02-20,-0.00394229678,0.00105712974,0.0025994602590999998,0.01081659844
2000-02-27,-0.00401108082,0.00132472954,0.0008215784190000001,0.01700123378
2000-03-05,-0.00777287214,0.00144475543,0.000121050303,0.01420543306
2000-03-12,-0.00829384094,0.00216531012,0.0044832703733,0.04216983335
2000-03-19,-0.007597709899999999,0.00205115538,0.0006856970250400001,0.021906765986000002
2000-03-26,-0.0078248325,0.00244453347,0.001828748765,0.0060531729
2000-04-02,-0.0103189093,0.0038097764,0.0,0.03597161374
2000-04-09,-0.0112311666,0.0034609487699999997,5.756087450000001e-05,0.015605122784
2000-04-16,-0.0164369135,0.00375758251,0.0,0.010849640636
2000-04-23,-0.0232605066,0.0037435852,0.0,0.0012067034303
2000-04-30,-0.0225985784,0.0037336484899999998,0.0,0.01285231224
2000-05-07,-0.0210987207,0.00336163847,0.0,0.0003188075775
2000-05-14,-0.0192398509,0.00308252524,0.0,0.0151692512494
2000-05-21,-0.0175123144,0.00277132605,0.0,0.024481232805
2000-05-28,-0.0238299781,0.00266236496,0.0,0.038152617938
2000-06-04,-0.024784242800000002,0.00233613955,0.0,0.0191473425644
2000-06-11,-0.0285490262,0.00208836317,0.0,0.01622992546
2000-06-18,-0.0238140546,0.00189687978,0.0,0.021588887124294
2000-06-25,-0.0239751099,0.00165369058,0.0,0.0067710165415
2000-07-02,-0.0185330441,0.00152085886,0.0,0.00841726407
2000-07-09,-0.020362471,0.00176026456,0.0,0.05080227805
2000-07-16,-0.018876131,0.0021164249100000003,0.0,0.050995635819999996
2000-07-23,-0.0161377377,0.00154209771,0.0,0.02404198004
2000-07-30,-0.0187467064,0.00304328754,0.0,0.07765016920000001
2000-08-06,-0.0208961388,0.00341379976,0.0,0.04101765316
2000-08-13,-0.0212089542,0.00149221797,0.0,0.009583762797170001
2000-08-20,-0.0268175748,0.00143103957,0.0,0.0063517919
2000-08-27,-0.0173747814,0.0014140601,0.0,0.007333400269863
2000-09-03,-0.0155110139,0.00144533723,0.0,0.01581642041
2000-09-10,-0.014669428699999999,0.00141263277,0.0,0.01320404056724
2000-09-17,-0.0119620766,0.00145501399,0.0,0.022871385049999998
2000-09-24,-0.007618517700000001,0.00128770356,0.0,0.002439919739
2000-10-01,-0.011447431,0.00127083003,0.0,0.00437458575987
2000-10-08,-0.0067288144,0.00124219478,0.0,0.00980470103
2000-10-15,-0.00881678786,0.00117450543,0.0,0.0035967503445700003
2000-10-22,-0.0065061629,0.00116443895,0.0,0.005629875133260001
2000-10-29,-0.0063417807,0.00115844252,0.0,0.007808601595
2000-11-05,-0.00525145701,0.0013913820900000001,0.0,0.031969069889570004
2000-11-12,-0.0045971227,0.0011228027300000001,0.0,0.0065752080412
2000-11-19,-0.00307561833,0.0012075403,0.0,0.014701329517717
2000-11-26,-0.00302741223,0.00117722708,0.0,0.012192138390000001
2000-12-03,-0.00265195534,0.00111015848,0.0,0.003874940102
2000-12-10,-0.00160625492,0.00114028992,0.0,0.005508843723
2000-12-17,-0.00526554237,0.0012695371,0.00140144366,0.025260196000000002
2000-12-24,-0.0016305332399999999,0.00117903748,0.00042326623,0.00351205041962
2000-12-31,-0.00066717598553,0.0013559204700000001,0.0034895992386,0.02899056928
2001-01-07,-0.001784847824,0.00160118971,0.0160125095634161,0.010584552605
2001-01-14,-0.00153796144,0.0018101104,0.0007447129382683,0.02013601802
2001-01-21,-0.000951237068,0.00196233806,-9.7788873e-09,0.0005065743840000001
2001-01-28,-0.00223323091,0.0023260250900000003,0.00031341372623009994,0.00855681786
2001-02-04,-0.00201452636,0.00245797743,4.943641094e-07,0.00807469719
2001-02-11,-0.00319058434,0.0027815910499999997,0.0084275156290483,0.00652462326042
2001-02-18,-0.00311198672,0.00277570498,0.0001036733996322,0.003604907794
2001-02-25,-0.0040495194600000005,0.00291163624,0.0029694023050483,0.018444881879
2001-03-04,-0.00310748717,0.00298695308,0.0050444472580682,0.00683347650259
2001-03-11,-0.0064314685500000005,0.0029737998,0.0021824335374161,0.0043595716938
2001-03-18,-0.00702765543,0.00318087735,0.0012424397910322,0.0268687853
2001-03-25,-0.00590621873,0.0032425771,0.0013455432378,0.02360686997
2001-04-01,-0.008109971,0.00309304844,0.0001987563349732,0.00787546488745
2001-04-08,-0.0135193211,0.00323515489,-9.7788873e-09,0.01072738328526
2001-04-15,-0.01032260694,0.0033390569,0.0029202002053623,0.0225678584
2001-04-22,-0.009220450390000001,0.00372106283,0.0006821759057644,0.0363109589
2001-04-29,-0.0128887503,0.00357160864,-9.7788873e-09,0.01400580283
2001-05-06,-0.0258226176,0.00386065077,-9.7788873e-09,0.015056778729743
2001-05-13,-0.0203436557,0.00389687499,-9.7788873e-09,0.010404008282894
2001-05-20,-0.0247508468,0.00364170446,-9.7788873e-09,0.013899930510164998
2001-05-27,-0.0238060567,0.00333829431,-9.7788873e-09,5.8055853096e-05
2001-06-03,-0.0196049105,0.00325012086,-9.7788873e-09,0.0352148155
2001-06-10,-0.0179970737,0.00299023925,-9.7788873e-09,0.02097296747
2001-06-17,-0.0201316471,0.00276308341,-9.7788873e-09,0.015798196041
2001-06-24,-0.0194624219,0.00294540309,-9.7788873e-09,0.038194471949999996
2001-07-01,-0.0247263377,0.00252002009,-9.7788873e-09,0.0189933709856
2001-07-08,-0.0235835133,0.00230025762,-9.7788873e-09,0.01557471013
2001-07-15,-0.0270126519,0.00215668339,-9.7788873e-09,0.0191674481
2001-07-22,-0.0203351737,0.00595186021,-9.7788873e-09,0.1000787434
2001-07-29,-0.0184199433,0.00534603718,-9.7788873e-09,0.067051190846
2001-08-05,-0.0230115164,0.00307557427,-9.7788873e-09,0.024328824045
2001-08-12,-0.0224393511,0.00343101205,-9.7788873e-09,0.026168424856
2001-08-19,-0.0234154941,0.00251897344,-9.7788873e-09,0.0033619561169999997
2001-08-26,-0.020135563000000002,0.00256332552,-9.7788873e-09,0.01254735863837
2001-09-02,-0.0168749942,0.0025554443,-9.7788873e-09,0.024317236915
2001-09-09,-0.012847517749999999,0.00268131971,-9.7788873e-09,0.027229769163
2001-09-16,-0.0111915056,0.0028338256799999998,-9.7788873e-09,0.039793871859999996
2001-09-23,-0.0119189804,0.00264968255,-9.7788873e-09,0.01774754093
2001-09-30,-0.00713743446,0.00320545564,-9.7788873e-09,0.023472576224
2001-10-07,-0.0104558196,0.00404682111,-9.7788873e-09,0.00839692797
2001-10-14,-0.0069103206,0.00425361349,-9.7788873e-09,0.00234730377389
2001-10-21,-0.00528613947,0.00428974773,-9.7788873e-09,0.0025613074273
2001-10-28,-0.00606202253,0.0043194261,-9.7788873e-09,0.010098630388000001
2001-11-04,-0.00708850241,0.00424202683,-9.7788873e-09,0.00975483413
2001-11-11,-0.00583471562,0.00429062025,1.7130546505e-06,0.01870382492
2001-11-18,-0.00287244054,0.00411084111,5.70653973383e-05,0.0045869568029999995
2001-11-25,-0.0039064079100000005,0.0042466649,0.000748378823874,0.0270874307
2001-12-02,-0.001279667436,0.00416532337,0.0036165866094022,0.012056764678
2001-12-09,-0.00130143936,0.00417969342,0.0003882989552083,0.00259844109
2001-12-16,-0.000740754353,0.0042083135399999996,1.5237174080500001e-05,0.01162742152
2001-12-23,-0.0018187239419999999,0.00421491424,0.0006012796850805,0.0219548746
2001-12-30,-0.003299690629,0.00420975296,0.0016688138710483,0.01515170814
2002-01-06,-0.0012092525334999999,0.00415514339,8.68822292361e-05,0.017171859437
2002-01-13,-0.000322001668,0.0041042243400000004,4.8723735499999996e-05,0.002831906377
2002-01-20,-0.000359566559,0.00407929611,0.00441106563,0.0019001912134000002
2002-01-27,-0.00239556311,0.00535521067,0.05729160177,0.019943106202000002
2002-02-03,-0.0051861717000000005,0.0051430252899999996,0.0004309998136,0.0047265710493
2002-02-10,-0.00485147249,0.00595605093,2.1656051e-05,0.011744789398369999
2002-02-17,-0.00641452005,0.00649306441,0.0,0.01679567288942
2002-02-24,-0.00672521514,0.00675839209,0.00387158125135,0.0251294686
2002-03-03,-0.00692038966,0.0071395655,0.004259471429317,0.01591279014
2002-03-10,-0.00933853922,0.007372215,2.552337607e-05,0.00885462060658
2002-03-17,-0.00960504884,0.007311321500000001,0.0,0.00249265347
2002-03-24,-0.0105316835,0.0072755957,0.00121741948782,0.020483370986320002
2002-03-31,-0.009120371,0.00689165604,2.579728287e-05,0.000625509082
2002-04-07,-0.011219006,0.00654889635,3.844518653e-05,0.003269649049
2002-04-14,-0.00995930864,0.00625055486,1.4242315e-06,0.017073109138400003
2002-04-21,-0.012493112300000001,0.00566882199,0.0,0.004538507967579999
2002-04-28,-0.0156511918,0.00519125624,0.0,0.01149494705
2002-05-05,-0.0248156813,0.00465430334,0.0,0.01463450971
2002-05-12,-0.020121574,0.00399925066,0.0,0.012568962525200001
2002-05-19,-0.0185719454,0.0034439669,0.0,0.013370257586
2002-05-26,-0.0147104152,0.00300949044,0.0,0.01600941568
2002-06-02,-0.0164428658,0.0028676707,0.0,0.04185983233
2002-06-09,-0.0225862136,0.00261153059,0.0,0.031544836593999995
2002-06-16,-0.0225242441,0.00234518876,0.0,0.02137750168
2002-06-23,-0.0282136399,0.00203186879,0.0,0.00988954747
2002-06-30,-0.018663163899999998,0.0018497105899999999,0.0,0.016183760664
2002-07-07,-0.0219258338,0.00166415922,0.0,0.01616164545188
2002-07-14,-0.0182538395,0.0014621246,0.0,0.01083133421
2002-07-21,-0.0217787418,0.00186794209,0.0,0.060232273999999995
2002-07-28,-0.0232931687,0.00120563164,0.0,0.003452808643
2002-08-04,-0.0214285409,0.00116380919,0.0,0.022710569159900003
2002-08-11,-0.0192321926,0.00115206866,0.0,0.02841186088
2002-08-18,-0.0177887836,0.00107640654,0.0,0.029362431814
2002-08-25,-0.0200079942,0.000856357816,0.0,0.0015202276840000002
2002-09-01,-0.0134361329,0.000788291554,0.0,0.00508620718
2002-09-08,-0.0115320019,0.0007428055350000001,0.0,0.00625646096
2002-09-15,-0.00735937955,0.000742863616,0.0,0.02095633961
2002-09-22,-0.0091060002,0.000682419565,0.0,0.01068029726
2002-09-29,-0.0081163987,0.00078351606,2.1380029e-06,0.03145609354
2002-10-06,-0.00758860626,0.000701271151,0.0,0.009291837708699999
2002-10-13,-0.00664341464,0.000778665741,0.000717721151,0.023221630011
2002-10-20,-0.0068620183,0.0007482342760000001,0.000169167804,0.015299503174000001
2002-10-27,-0.00880969429,0.000857889305,0.0,0.0298506945
2002-11-03,-0.0065731748299999995,0.000813411434,1.5160832e-06,0.02117046639
2002-11-10,-0.00402988736,0.000686872252,0.00039113190047,0.009501009914
2002-11-17,-0.00404719232,0.0006683851670000001,0.0001274569457,0.0030913621067999997
2002-11-24,-0.00274413682,0.000786358762,0.0,0.0124565662965
2002-12-01,-0.0021804624399999997,0.000818699016,0.0,0.01312604486
2002-12-08,-0.00246069623,0.000761137414,0.0,0.0052119091205
2002-12-15,-0.000543106567,0.000773001364,0.0,9.810800097e-05
2002-12-22,-0.000805874988,0.000833975966,0.0,0.006912209553
2002-12-29,-0.000629416979,0.00100560129,0.0039370489,0.0074279492395
2003-01-05,-0.002721994705,0.0015370513500000001,0.00569021786,0.02863098986896
2003-01-12,-0.000446681584,0.00107844579,0.0,0.003980850726
2003-01-19,-0.0014438069340000001,0.0013766918900000001,0.008304965176046,0.007619143309
2003-01-26,-0.00165023871,0.0014465068800000001,1.7040121221e-05,0.007165973339
2003-02-02,-0.00221007534,0.00164509053,0.00022624633614,0.01380258027
2003-02-09,-0.00246298043,0.00169595733,0.0,0.00903124555
2003-02-16,-0.001312406636,0.0018393717900000001,0.0,0.0032776603953
2003-02-23,-0.001748299395,0.00193893492,7.81548095e-05,0.0029588728409654
2003-03-02,-0.003385289,0.0020386365,0.00342484282,0.0005483118611416
2003-03-09,-0.003669261,0.0020604624,0.00027779502978999995,0.00689576812444
2003-03-16,-0.00664787215,0.00220482817,0.0021325274304,0.02165952469
2003-03-23,-0.0069965511,0.00203641532,6.834793100000001e-05,0.0011575241885707999
2003-03-30,-0.01100748,0.00205178066,0.0,0.0020853704408708
2003-04-06,-0.0108309632,0.00205223697,0.00065528405604,0.0103312957679354
2003-04-13,-0.0095667358,0.0020955708,0.0023673096217,0.0229238593031354
2003-04-20,-0.017351597,0.00198385177,0.0,0.006223756903466201
2003-04-27,-0.0168891854,0.00193344701,0.0,0.0139871602049354
2003-05-04,-0.020821527399999998,0.00179769665,0.0,0.0116689188508854
2003-05-11,-0.017171460399999998,0.0016471217500000001,0.0,0.0135235861096862
2003-05-18,-0.0184811025,0.0015994177600000001,0.0,0.027547757902
2003-05-25,-0.0202383184,0.00153514392,0.0,0.024036926259935403
2003-06-01,-0.0228903997,0.00129873174,0.0,0.0043572397054354
2003-06-08,-0.022410902,0.00118040316,0.0,0.0095738440860108
2003-06-15,-0.0201923599,0.00107190749,0.0,0.0132342756282154
2003-06-22,-0.017936163800000002,0.0009525125200000001,0.0,0.0092728644803
2003-06-29,-0.018589475299999998,0.00085940647,0.0,0.00351416549159
2003-07-06,-0.0205392882,0.000931690064,0.0,0.04225721863
2003-07-13,-0.0192286162,0.000789856954,0.0,0.01628648496
2003-07-20,-0.0184608961,0.0006930241430000001,0.0,0.0051337402930000005
2003-07-27,-0.0166447628,0.000678369806,0.0,0.0192839778461
2003-08-03,-0.0189809361,0.00088083404,0.0,0.039283232483
2003-08-10,-0.0164864921,0.000524160261,0.0,0.00033662011064919997
2003-08-17,-0.013829645299999999,0.000487837623,0.0,0.0050476934969953995
2003-08-24,-0.0149396764,0.000495965672,0.0,0.020354019943
2003-08-31,-0.0136874444,0.000472634044,0.0,0.016927080127443
2003-09-07,-0.012237794,0.000414843076,0.0,0.008818756997
2003-09-14,-0.01038119473,0.000383825917,0.0,0.0047327974581724
2003-09-21,-0.010151058,0.000360198414,0.0,2.812076677e-06
2003-09-28,-0.0074531209000000005,0.000359275626,0.0,0.0094135502712708
2003-10-05,-0.00678880706,0.000530716803,0.0,0.044254122126
2003-10-12,-0.009985209,0.000490636762,0.0,0.0268426566
2003-10-19,-0.0051352707,0.000352592175,1.2999197486e-05,0.0052797394929354
2003-10-26,-0.00407619771,0.000378820241,7.152240083400001e-05,0.010780569579000001
2003-11-02,-0.00361776385,0.00043589184,2.717723896e-06,0.0155139853453354
2003-11-09,-0.00364961459,0.000325996856,1.7182579e-07,0.0024557443978
2003-11-16,-0.00200160639,0.000314582449,1.3248872e-07,4.105890803e-05
2003-11-23,-0.00327390452,0.000384404097,0.0,0.0108604590164
2003-11-30,-0.00203826867,0.000354605958,0.0,0.00584897512
2003-12-07,-0.0025361409340000003,0.000353898122,5.427557323000001e-07,0.0066353495898
2003-12-14,-0.0037049637,0.00044906617,0.0003865550267,0.0182305077329354
2003-12-21,-0.00213985021,0.00040247895899999997,0.0061611005403,0.0116447742177
2003-12-28,-0.0018296628700000001,0.000330964655,9.8169432383e-05,0.0009109662248062
2004-01-04,-0.000861756839,0.0004302614,4.40627692508e-05,0.02003760782
2004-01-11,-0.000844931001,0.000355139709,0.0004114271798385,0.01044538536
2004-01-18,-0.00258847054,0.000621762126,0.020105577351,0.0208462126
2004-01-25,-0.001035911544,0.00041475206,5.355428062e-07,0.012181017506
2004-02-01,-0.002310382827,0.000656837074,0.015332780763806201,0.0081889453664
2004-02-08,-0.004831309418,0.001010475964,0.0111753000709677,0.02284510635
2004-02-15,-0.00207538488306,0.000654008289,0.00038422714617079997,0.02436958786
2004-02-22,-0.00328233571,0.00088577109,0.0076509449819031,0.00935018573947
2004-02-29,-0.00151989795,0.00090979422,0.0001755978408708,0.02235652919
2004-03-07,-0.00240591313,0.0010256548,0.0011945775858707998,0.009010735679875
2004-03-14,-0.00196734853,0.00148179907,0.025736861184,0.005687903618569999
2004-03-21,-0.00917237917,0.00214102703,0.0174202848149031,0.013012066864000001
2004-03-28,-0.00759220368,0.001909549,0.0017467154059677,0.027905021539999998
2004-04-04,-0.0134831927,0.00206020091,0.0007555017498385,0.00216102667873
2004-04-11,-0.011908749,0.00241945599,8.838316062e-07,0.01681164165
2004-04-18,-0.0161796531,0.00239819696,1.95577739e-08,0.00630831334343
2004-04-25,-0.0157361716,0.00264531796,1.95577739e-08,0.035110458616
2004-05-02,-0.021503386200000002,0.00231599748,1.95577739e-08,0.005999424353
2004-05-09,-0.0218751719,0.00224570351,1.95577739e-08,0.01382098033
2004-05-16,-0.017058391699999998,0.00233765384,1.95577739e-08,0.03856215004
2004-05-23,-0.022418089500000002,0.0020074192,1.95577739e-08,0.009345093956
2004-05-30,-0.0220462489,0.00188630751,1.95577739e-08,0.007695011743875
2004-06-06,-0.0214964551,0.00176867794,1.95577739e-08,0.01127600926666
2004-06-13,-0.0191831809,0.00167892764,1.95577739e-08,0.02419518703
2004-06-20,-0.0218466243,0.00160431256,1.95577739e-08,0.0279953652878
2004-06-27,-0.024519238800000002,0.00137984423,1.95577739e-08,0.006201591398
2004-07-04,-0.0232769754,0.00130563333,1.95577739e-08,0.01809455552
2004-07-11,-0.0222260945,0.0011940696,1.95577739e-08,0.01238487416
2004-07-18,-0.0168718099,0.0010942897399999999,1.95577739e-08,0.01159611811
2004-07-25,-0.0212325347,0.00104831414,1.95577739e-08,0.02035612782
2004-08-01,-0.0156633505,0.00094774722,1.95577739e-08,0.013037960093
2004-08-08,-0.0136370896,0.000824066784,1.95577739e-08,0.004106246315
2004-08-15,-0.0133444635,0.000811955414,1.95577739e-08,0.0190095267205
2004-08-22,-0.014614912,0.0007074022309999999,1.95577739e-08,0.010867559249999999
2004-08-29,-0.01326160517,0.000661656575,1.95577739e-08,0.0097507876356
2004-09-05,-0.01036246886,0.000592517881,1.95577739e-08,0.004189767638999999
2004-09-12,-0.00605913546,0.00054753343,1.95577739e-08,0.002016254598148
2004-09-19,-0.00657050999,0.00051982381,1.95577739e-08,0.00291967654043
2004-09-26,-0.00741849676,0.00052019089,1.95577739e-08,0.014369662115
2004-10-03,-0.00616434335,0.000504502277,1.95577739e-08,0.012874457194
2004-10-10,-0.00618097794,0.00051652578,1.95577739e-08,0.01599054659842
2004-10-17,-0.00576754886,0.00052953939,1.95577739e-08,0.01960663293201
2004-10-24,-0.0054477460799999995,0.000436648078,1.95577739e-08,0.004743645033700001
2004-10-31,-0.0047775021800000005,0.000443875884,1.95577739e-08,0.0068642670023
2004-11-07,-0.0043787127000000006,0.000461540293,8.222802020000001e-08,0.013261990599999999
2004-11-14,-0.0036243959700000003,0.00042896632999999995,1.95577739e-08,0.00764998359
2004-11-21,-0.00458864737,0.000617181435,0.0004289412940731,0.036389260834
2004-11-28,-0.00295909466,0.000536751809,0.0123509044986347,0.0191186327973
2004-12-05,-0.00169310904,0.00039327332,0.0001498587719677,0.003071339677
2004-12-12,-0.0017833164760000001,0.000390276139,7.41264868754e-05,0.0049397103287
2004-12-19,-0.0013013856100000001,0.00036857467,1.88051498885e-05,0.0032014167523
2004-12-26,-0.00183295222,0.000495305515,0.0045090424698385,0.015264463583
2005-01-02,-0.00230397776,0.000479116284,1.19507700677e-05,0.01337682432
2005-01-09,-0.00393180476,0.000586697786,0.00383103915721,0.021996518473
2005-01-16,-0.00244073362,0.000443033864,1.35565052e-05,0.006678260901935401
2005-01-23,-0.0025842116720000002,0.000526206597,0.004414107605,0.0241823501596454
2005-01-30,-0.001204718753,0.000449948866,0.0,0.00670051554
2005-02-06,-0.000616754449,0.000504603502,0.0022703628238999996,0.01548166929788
2005-02-13,-0.001792380038,0.000810659544,0.022725308839,0.0178992672329268
2005-02-20,-0.00186369209,0.0005742655,0.000308965257,0.020779403773
2005-02-27,-0.001289905895,0.0006924827049999999,0.00473470093,0.01638579357
2005-03-06,-0.00192545967,0.00070927202,0.0,0.0045089314814054
2005-03-13,-0.00270514692,0.000780359741,0.000463143835,0.0180175805
2005-03-20,-0.0025844355859999998,0.0050096023600000004,0.067413793963,0.0098737492712354
2005-03-27,-0.00854313604,0.00145534834,8.50734196e-05,0.0009744765688708
2005-04-03,-0.0127554726,0.0018356679099999999,0.000160786337,4.2762454124e-06
2005-04-10,-0.0148144312,0.00208230915,0.00041513819999999997,0.0170016294403354
2005-04-17,-0.0163637293,0.00195876465,0.0,0.0055360583731
2005-04-24,-0.013604186899999999,0.0018790825299999999,1.8872153e-06,0.00258641241
2005-05-01,-0.014727890799999999,0.00185406598,0.0,0.0137607823619354
2005-05-08,-0.0163399859,0.00207378033,0.0,0.054282579513
2005-05-15,-0.0192186568,0.00168007299,0.0,0.0130039237183
2005-05-22,-0.0227695062,0.001668447,0.0,0.0201206956238062
2005-05-29,-0.025139552,0.00140199801,0.0,0.0013206811247416
2005-06-05,-0.0205659378,0.00135265028,0.0,0.02021330824
2005-06-12,-0.0183528224,0.00126370019,0.0,0.02096094085
2005-06-19,-0.023741848,0.0011552839,0.0,0.0168063809
2005-06-26,-0.0191085434,0.00102722037,0.0,0.00912148119406
2005-07-03,-0.015912196,0.000904194026,0.0,0.0051440084803708
2005-07-10,-0.0147778467,0.00096365829,0.0,0.034189501203
2005-07-17,-0.0209035565,0.0007826483299999999,0.0,0.0090662777347
2005-07-24,-0.0167426935,0.000750567663,0.0,0.0212801033806
2005-07-31,-0.0177176404,0.000677792723,0.0,0.013407375
2005-08-07,-0.015084573,0.000664431166,0.0,0.023565502906999998
2005-08-14,-0.0152302536,0.000604900495,0.0,0.012814673189999999
2005-08-21,-0.0175961158,0.0005917106299999999,0.0,0.0146969023764224
2005-08-28,-0.0155480805,0.00094722413,0.0,0.0388086263985
2005-09-04,-0.016812149300000002,0.00045635058900000004,0.0,6.5376260476e-06
2005-09-11,-0.011962315099999999,0.000437983089,0.0,0.0021152240427416
2005-09-18,-0.010686082999999999,0.000531242973,0.0,0.026712307104016002
2005-09-25,-0.0107467003,0.000395473262,0.0,3.9853170557600005e-05
2005-10-02,-0.00677005866,0.000415774837,0.0,0.012347652010000001
2005-10-09,-0.00648939484,0.00033480144,0.0,0.0016015928861308
2005-10-16,-0.00469715316,0.000326603221,0.0,0.0041115607588061995
2005-10-23,-0.00392539181,0.000312512899,0.0,0.0026999989571559998
2005-10-30,-0.00449523305,0.000310276353,0.0,0.0025166858688062
2005-11-06,-0.00209131835,0.00029004202,0.0,0.0006937513480162001
2005-11-13,-0.0013478921,0.000290225735,0.0,0.0028424028436
2005-11-20,-0.00236598717,0.000299330091,4.017935665e-05,0.0106574111396
2005-11-27,-0.000790453705,0.00031839356199999996,0.005354091875,0.020044816469999997
2005-12-04,-0.0007639913191,0.00028070864699999997,0.002309894959854,0.00373790117
2005-12-11,-0.00135957184,0.000429768551,0.012478863723,0.03879257946
2005-12-18,-0.00321973582,0.000374429429,0.0063632155,0.026130692
2005-12-25,-0.000434196348,0.000468701731,0.021472573504935002,0.03087078295
2006-01-01,-0.001026404199,0.000256132258,0.0002720479,0.039390138312
2006-01-08,-0.000869671447,0.000259404335,0.00022110007300000001,0.01583808248087
2006-01-15,0.000347815282,0.000258702744,0.0,0.00048867098943
2006-01-22,-0.00078421431,0.000259311209,0.00014752855,0.015954134707199998
2006-01-29,-0.00040282993560000004,0.00026017925899999997,0.0,0.00016624223983
2006-02-05,-0.0008009582786,0.000257182176,3.1736758e-07,0.00328096796
2006-02-12,-0.000623815316,0.000296400413,0.0050957697693,0.01914836441
2006-02-19,-0.000594229582,0.00038056817400000003,0.012907140309999999,0.012901452733
2006-02-26,-0.002066259218,0.000421398809,0.014742516069000003,0.0093946516244
2006-03-05,-0.00258533477,0.000272977613,4.5781678e-05,0.0046244190743000005
2006-03-12,-0.002365411014,0.00033236371,0.0047773559003,0.008734118203300001
2006-03-19,-0.00225490571,0.000379957204,0.0094128528,0.00895367333
2006-03-26,-0.0024002084900000002,0.002149232805,0.0502217897,0.0069020440684000005
2006-04-02,-0.00736773787,0.004346915736,0.027906724955,0.0304367745
2006-04-09,-0.012370072150000001,0.00091971576,0.000924733889,0.01028078275
2006-04-16,-0.0124309875,0.0012232538600000001,2.122831492e-05,0.01899277352
2006-04-23,-0.018737848799999998,0.00119209122,0.0,0.006306631724
2006-04-30,-0.017740359,0.0013111993,0.0,0.01962833211
2006-05-07,-0.0230230428,0.00131097684,0.0,0.0165913984
2006-05-14,-0.0229612718,0.00114860546,0.0,0.0059533436
2006-05-21,-0.0212707946,0.00116339556,0.0,0.017265442549
2006-05-28,-0.0207751265,0.001097121,0.0,0.01428723063
2006-06-04,-0.0181993748,0.00119169168,0.0,0.03004280086
2006-06-11,-0.0231727547,0.00103702751,0.0,0.013134478023
2006-06-18,-0.0230040658,0.00094086116,0.0,0.011634071596999999
2006-06-25,-0.0208104983,0.0008506609839999999,0.0,0.011273838514999999
2006-07-02,-0.0214498323,0.00085084854,0.0,0.027489819500000002
2006-07-09,-0.018320191399999998,0.00068376615,0.0,0.0061803798947
2006-07-16,-0.0187889729,0.00063279005,0.0,0.013382497533000002
2006-07-23,-0.0135216919,0.000535448086,0.0,0.00175677699791
2006-07-30,-0.0130566555,0.00047191016,0.0,0.0045583126984800005
2006-08-06,-0.0139938893,0.000533245509,0.0,0.0380106575
2006-08-13,-0.014742255499999999,0.000495066801,0.0,0.02476437694
2006-08-20,-0.0197730593,0.00041615962600000003,0.0,0.01307179589184
2006-08-27,-0.014058587099999999,0.000421810097,0.0,0.01970579083
2006-09-03,-0.0137218468,0.000500965257,0.0,0.034736339683
2006-09-10,-0.0162582759,0.000365749439,0.0,0.01024147146945
2006-09-17,-0.0148557867,0.00030659511599999997,0.0,0.0018670322980000001
2006-09-24,-0.01099425,0.000343234386,0.0,0.01120090369438
2006-10-01,-0.0085724873,0.000305068788,0.0,0.007804654794259999
2006-10-08,-0.00793869806,0.00033900394399999996,0.0,0.0134564725177
2006-10-15,-0.00546821656,0.000286976284,0.0,0.0014828159308
2006-10-22,-0.00494199889,0.000273107941,0.0,0.00115927164
2006-10-29,-0.00493849893,0.000316427876,0.0,0.016904339293
2006-11-05,-0.0039932313,0.000400351614,0.009455533914,0.032570423715
2006-11-12,-0.00616974632,0.000425956911,4.145911784e-06,0.028319731949423
2006-11-19,-0.00301903596,0.000317807799,0.000141513545,0.010478924371639999
2006-11-26,-0.00227569433,0.000268627532,0.0,0.00456692889931
2006-12-03,-0.001435894863,0.000240813618,0.0,0.0005837569679
2006-12-10,-0.00295395605,0.000262259537,0.0,0.0052592279473
2006-12-17,-0.00261739985,0.000288249531,0.0018653869760000001,0.008861571853694
2006-12-24,-0.00187397666,0.000281339641,0.00012603251509,0.00852088235
2006-12-31,-0.001735917204,0.000252623621,0.00035452066205,0.0059579457718
2007-01-07,-0.0045659911200000005,0.000476125146,0.00013804570628,0.0283691706
2007-01-14,-0.00531953482,0.000317632517,0.0,0.011215316794
2007-01-21,-0.00681741337,0.000483728738,0.0,0.026154452005829
2007-01-28,-0.00190706611,0.000266406246,0.0021174061407484997,0.034144032706
2007-02-04,-0.003259716125,0.000836314879,0.03327460629,0.02935304214
2007-02-11,-0.00300306487,0.00043479831099999997,0.0049085173633,0.0128889235
2007-02-18,-0.00413002497,0.000554146085,0.0010743618213,0.01129555047667
2007-02-25,-0.00347162292,0.000596670274,0.000466960831988,0.007889043436
2007-03-04,-0.00674345399,0.00093690932,0.0013697140090000001,0.0274533411
2007-03-11,-0.0079365479,0.00083660354,0.00020744006533,0.0091242107577
2007-03-18,-0.0088928153,0.000970995049,6.854922e-08,0.012273929849098999
2007-03-25,-0.00800974824,0.00125339594,0.0105504461882,0.027517110334129
2007-04-01,-0.015283814,0.0011201297500000001,1.1569514e-05,0.001488533092387
2007-04-08,-0.0112636732,0.00118671491,6.747885e-08,0.002491520750989
2007-04-15,-0.0159427885,0.0012130650699999999,0.0,0.006181468702387
2007-04-22,-0.0169208856,0.0011674534499999999,0.0,0.003413368782987
2007-04-29,-0.0155893755,0.00111337638,0.0,0.004325187820999
2007-05-06,-0.010983317900000001,0.00105373284,4.19826e-07,0.0082009029005
2007-05-13,-0.018518697299999998,0.00100702311,0.0,0.016143681405
2007-05-20,-0.0181917119,0.00097561352,0.0,0.022019276803129
2007-05-27,-0.0204991264,0.00084389801,0.0,0.00995048217
2007-06-03,-0.0129890655,0.0008276022,0.0,0.02501165646
2007-06-10,-0.0240014064,0.000753754914,0.0,0.0160233601906
2007-06-17,-0.0220918939,0.000671257405,0.0,0.013519782628999999
2007-06-24,-0.0216836586,0.000962673622,0.0,0.041968134644129
2007-07-01,-0.0220461091,0.0005644962,0.0,0.01002489344
2007-07-08,-0.0230527305,0.000597926904,0.0,0.027619787407999998
2007-07-15,-0.0226918471,0.000602247806,0.0,0.029824672024129
2007-07-22,-0.0248996292,0.000483909216,0.0,0.015290407278258
2007-07-29,-0.0199492392,0.000432798105,0.0,0.012555718215000001
2007-08-05,-0.0179364754,0.000408439331,0.0,0.010168375749129
2007-08-12,-0.0157047857,0.000462866211,0.0,0.032473701539
2007-08-19,-0.0208712923,0.000420367225,0.0,0.021723918319129
2007-08-26,-0.018826102,0.000368164624,0.0,0.015722100295
2007-09-02,-0.0121994529,0.000301015112,0.0,0.0034906547997
2007-09-09,-0.0119631574,0.001489047082,0.0,0.07032972829999999
2007-09-16,-0.0134978338,0.000376674528,0.0,0.015797862720729
2007-09-23,-0.0132469562,0.00031556549,0.0,0.008484812915987001
2007-09-30,-0.01106714025,0.000321865929,0.0,0.011422750692129
2007-10-07,-0.00774515038,0.000358995986,0.0,0.014942355538128999
2007-10-14,-0.0062566187,0.000268147407,0.0,0.002532449218
2007-10-21,-0.00729938013,0.000337341884,0.000527900905,0.016190272372387002
2007-10-28,-0.00333690435,0.000319242205,2.38043694e-05,0.00930736003234
2007-11-04,-0.00385064823,0.00032250754599999997,0.0,0.01052926486
2007-11-11,-0.00549976344,0.000472763682,0.001033366126215,0.0357076827
2007-11-18,-0.0018558489900000002,0.000275562469,0.0009545631140999999,0.0117593363
2007-11-25,-0.00171088312,0.000331089948,0.0012655413006,0.0048043612817
2007-12-02,-0.00238248121,0.000445177147,0.01110818146091,0.021193654959129
2007-12-09,-0.0037692528,0.000369074831,0.00017064803297,0.00956621119
2007-12-16,-0.00204437405,0.000387206933,0.0001479733658,0.00964871625
2007-12-23,-0.00098769276,0.000341892012,0.0,0.000825818776729
2007-12-30,-0.0005391337665,0.000374662852,0.0,0.000458329430809
2008-01-06,-0.00142698671,0.000439648955,0.00027995569963772,0.0081244520517
2008-01-13,-0.0016569118126,0.000522819304,0.00203512611549193,0.006757930652
2008-01-20,-0.002006850492,0.000727610096,7.05849064579e-06,0.020202318806300003
2008-01-27,-0.0054918165599999996,0.0007149841229999999,0.0005304849816869999,0.019192469099999998
2008-02-03,-0.00321737124,0.0006666052620000001,0.00023876495136193,0.005846674522129
2008-02-10,-0.00433736216,0.00079910721,5.150257032572e-05,0.010852992563
2008-02-17,-0.00297936261,0.00076732096,5.244801359649999e-06,0.00224655389824
2008-02-24,-0.004402879664,0.00090365257,0.00039742672846772,0.009257785314129
2008-03-02,-0.00743547838,0.00138284625,0.00031767992095158004,0.030859397658999997
2008-03-09,-0.00714528683,0.0010251916,0.00030236725516293,0.005806084316129
2008-03-16,-0.0094250738,0.0012137313000000001,4.8894435100000006e-09,0.015262284915999999
2008-03-23,-0.0084978202,0.00127750728,0.0032475172139919298,0.01351661215
2008-03-30,-0.0099802784,0.00131023867,0.00162074617249193,0.0133597200855
2008-04-06,-0.010807593899999999,0.0014155147500000001,4.8894435100000006e-09,0.010950317848258
2008-04-13,-0.0132668785,0.00149392812,7.799999955949999e-06,0.015394601443999999
2008-04-20,-0.0143293197,0.00157421146,4.8894435100000006e-09,0.02228630359
2008-04-27,-0.0183269151,0.00146831912,4.8894435100000006e-09,0.010283611742
2008-05-04,-0.0200915898,0.00155369101,4.8894435100000006e-09,0.02394319889
2008-05-11,-0.0219509017,0.00136988481,4.8894435100000006e-09,0.00424150156
2008-05-18,-0.0209215206,0.00159892708,4.8894435100000006e-09,0.031138549664129
2008-05-25,-0.0105265137,0.00145646631,4.8894435100000006e-09,0.03115691854
2008-06-01,-0.0294665385,0.00115904838,4.8894435100000006e-09,0.000900490830476
2008-06-08,-0.020624379499999998,0.00108923941,4.8894435100000006e-09,0.008628100259629
2008-06-15,-0.020170195800000002,0.00099761807,4.8894435100000006e-09,0.0063740830425
2008-06-22,-0.0204745458,0.00094004588,4.8894435100000006e-09,0.009133714933129
2008-06-29,-0.0227035749,0.000901735906,4.8894435100000006e-09,0.0241345187414
2008-07-06,-0.020406882,0.000799907975,4.8894435100000006e-09,0.018076024108258
2008-07-13,-0.0228031166,0.000835955897,4.8894435100000006e-09,0.04459831516
2008-07-20,-0.0203385115,0.000677344871,4.8894435100000006e-09,0.01191019695
2008-07-27,-0.021069352399999998,0.00076225015,4.8894435100000006e-09,0.027868107961903
2008-08-03,-0.019028361,0.000566665886,4.8894435100000006e-09,0.010077158741029999
2008-08-10,-0.015130350300000001,0.000529851457,4.8894435100000006e-09,0.011868514101229001
2008-08-17,-0.013508405499999999,0.001557321624,4.8894435100000006e-09,0.051196376728128996
2008-08-24,-0.0191780474,0.00045330553,4.8894435100000006e-09,0.004241451211129
2008-08-31,-0.012159644899999999,0.00042078719699999997,4.8894435100000006e-09,0.0039474984234599995
2008-09-07,-0.012263006600000001,0.00040110032700000004,4.8894435100000006e-09,0.004953214948129
2008-09-14,-0.00921415915,0.000403096082,4.8894435100000006e-09,0.0128996837954
2008-09-21,-0.00862121216,0.000530733283,4.8894435100000006e-09,0.0370928588
2008-09-28,-0.00724994468,0.00040561173800000004,4.8894435100000006e-09,0.0120667200516
2008-10-05,-0.00981636569,0.00041311783,4.8894435100000006e-09,0.015097477421903
2008-10-12,-0.0052052207400000005,0.000321040546,4.8894435100000006e-09,0.001364135004
2008-10-19,-0.00706740535,0.000415269684,4.8894435100000006e-09,0.017893302394129
2008-10-26,-0.00531482088,0.000337680399,4.8894435100000006e-09,0.005195043022257999
2008-11-02,-0.00479447906,0.000339043749,4.8894435100000006e-09,0.006289770056999999
2008-11-09,-0.00281936195,0.000306570766,4.8894435100000006e-09,0.0010522253840000001
2008-11-16,-0.00344120199,0.00032740338299999997,4.8894435100000006e-09,0.005673241637340001
2008-11-23,-0.005777033930000001,0.000453546644,0.00038588047757979,0.035202131714
2008-11-30,-0.00251776985,0.0003177951,0.001524192361716,0.006003879174129
2008-12-07,-0.0028117840200000003,0.000365747699,0.00022975210496785998,0.0098608012817
2008-12-14,-0.00203163953,0.00030407833100000003,1.367867424179e-05,0.0023767000151
2008-12-21,-0.001952008844,0.00048539566199999997,0.00550961759396772,0.0278206919076
2008-12-28,-0.00269514318,0.000339481281,3.700564361772e-05,0.009190351889
2009-01-04,-0.000750377266,0.000295609136,-3.49245981e-09,0.0049383576854061
2009-01-11,-0.000374902613,0.00031158586,-9.7788873e-09,0.005453961973
2009-01-18,-0.0010061734636,0.000324161276,1.25549747635e-05,0.0062239078649999995
2009-01-25,-0.0010278879934,0.000548622884,0.01521322933,0.011581375770000001
2009-02-01,-0.00161409831,0.000348271923,4.69843011944e-05,0.0067950549500000006
2009-02-08,-0.00203244618,0.000482864695,0.00557217175845,0.0106787725105
2009-02-15,-0.00302803075,0.000405058606,0.0005148198523644,0.01997822001
2009-02-22,-0.0010200644600000001,0.000432533936,-9.7788873e-09,0.0159538977
2009-03-01,-0.00170022638,0.0006685446589999999,0.0179780155,0.01685007845
2009-03-08,-0.00515671336,0.0007295946609999999,0.00633960292,0.014701584722
2009-03-15,-0.006582706,0.000696282052,0.001335452992,0.0169614803393
2009-03-22,-0.00756398646,0.0007775607939999999,0.00062733116,0.01372786002
2009-03-29,-0.00928235957,0.00108770926,0.0014706621190483,0.03202006593
2009-04-05,-0.0135704465,0.00095233626,-9.7788873e-09,0.004365279921
2009-04-12,-0.0168752793,0.001004994,-9.7788873e-09,0.00119973509557
2009-04-19,-0.016147738000000002,0.00102830255,-9.7788873e-09,0.001981350594
2009-04-26,-0.016113741,0.00099693354,-9.7788873e-09,0.0006804866888
2009-05-03,-0.013972084000000001,0.0009293349000000001,-9.7788873e-09,0.001333508701476
2009-05-10,-0.0141642977,0.00089274167,-9.7788873e-09,0.010889536969999999
2009-05-17,-0.0155093096,0.000861890306,-9.7788873e-09,0.01709922862538
2009-05-24,-0.0182875518,0.000814446581,-9.7788873e-09,0.018942511126
2009-05-31,-0.0176739344,0.000783225974,-9.7788873e-09,0.026758277373
2009-06-07,-0.0205510802,0.000785471205,-9.7788873e-09,0.0272469956
2009-06-14,-0.023800782,0.00068260257,-9.7788873e-09,0.01370662405
2009-06-21,-0.0194235403,0.000753645246,-9.7788873e-09,0.0270138816805
2009-06-28,-0.014573576500000001,0.0013889251,-9.7788873e-09,0.0673969983
2009-07-05,-0.0289320992,0.000922089914,-9.7788873e-09,0.024065051770000002
2009-07-12,-0.0259109875,0.00064830379,-9.7788873e-09,0.021169319800000003
2009-07-19,-0.0287611948,0.00077684748,-9.7788873e-09,0.0386689569105
2009-07-26,-0.0274321672,0.000728566276,-9.7788873e-09,0.02793559005
2009-08-02,-0.026060831200000002,0.0004575356,-9.7788873e-09,0.002139636445
2009-08-09,-0.0171775344,0.000451498331,-9.7788873e-09,0.0068719683764
2009-08-16,-0.0165063172,0.00050231885,-9.7788873e-09,0.021410093151141
2009-08-23,-0.0167070583,0.00041584872900000003,-9.7788873e-09,0.00866781537778
2009-08-30,-0.0123577481,0.000400948633,-9.7788873e-09,0.01232613847314
2009-09-06,-0.0132637152,0.000393091602,-9.7788873e-09,0.014494506245999999
2009-09-13,-0.0105351291,0.000338026369,-9.7788873e-09,0.00329385874043
2009-09-20,-0.01020547063,0.00033269793300000003,-9.7788873e-09,0.00506983105169
2009-09-27,-0.00714541188,0.000297289581,-9.7788873e-09,0.0008813325855
2009-10-04,-0.0083571946,0.000331834078,-9.7788873e-09,0.014562377438
2009-10-11,-0.00787502974,0.00039187392,-9.7788873e-09,0.022067002022
2009-10-18,-0.00628277723,0.000508157328,0.0065775723042122,0.0456394397
2009-10-25,-0.00322365479,0.000422224107,0.0007135320439999999,0.01719229635
2009-11-01,-0.0037148020899999998,0.000316043614,3.6696940024400004e-05,0.006393519791
2009-11-08,-0.00325340894,0.00032705913,0.0005312275003313,0.0072730364849000004
2009-11-15,-0.0022393664,0.0006593007240000001,-9.7788873e-09,0.0348602556379
2009-11-22,-0.00325526612,0.000336393144,-9.7788873e-09,0.0054942189857
2009-11-29,-0.00423651295,0.000364467465,-9.7788873e-09,0.00733591360146
2009-12-06,-0.002457517485,0.000394538993,-9.7788873e-09,0.0079025070493
2009-12-13,-0.0020786278,0.00043877647899999997,1.56477910805e-05,0.0096678086
2009-12-20,-0.0008733324896999999,0.000372273707,-9.7788873e-09,0.00793626271
2009-12-27,-0.001264475251,0.000618804483,0.008735286997632201,0.010173459872867
2010-01-03,-0.001164111775,0.000455436544,0.0040212277680483,0.025606787409999998
2010-01-10,-0.00077309777,0.000199906323,0.0006686642150805,0.026593534014
2010-01-17,-0.0004208307908,0.000185323673,-9.7788873e-09,0.002505403857
2010-01-24,-0.0006560595713,0.000202645447,5.319888966e-07,0.0045904732238
2010-01-31,-0.001085642594,0.00021772877900000002,-9.7788873e-09,0.00885759690674
2010-02-07,-0.001433665425,0.000232608386,3.5719905805e-06,0.00524042428564
2010-02-14,-0.0009250606999999999,0.000245509758,-9.7788873e-09,0.01041007613
2010-02-21,-0.000662671905,0.00046794433,0.0208945235590483,0.01304336871
2010-02-28,-0.001861652672,0.0009928863299999999,0.04727186604,0.003944001067
2010-03-07,-0.00533009718,0.000376006831,0.0018144925960483,0.005641702415
2010-03-14,-0.00421862021,0.000562938166,0.0053506759807482995,0.023316507456699997
2010-03-21,-0.00757925967,0.00064224938,0.006506449092,0.010722058934
2010-03-28,-0.012869256,0.00060262114,-9.7788873e-09,0.0051480447277
2010-04-04,-0.0127648508,0.00067043375,2.8541518096599998e-05,0.008503687004
2010-04-11,-0.0101626663,0.000809128828,3.2826469966e-06,0.020923644652
2010-04-18,-0.0166708508,0.000866774634,3.8742500966e-06,0.017866112244
2010-04-25,-0.0196793197,0.000688727726,1.7795957965999999e-06,0.0044304025300000004
2010-05-02,-0.018107837800000002,0.00073947562,-9.7788873e-09,0.014414040997
2010-05-09,-0.012790336099999999,0.000908776144,-9.7788873e-09,0.0312572617
2010-05-16,-0.014059785,0.001803671755,-9.7788873e-09,0.057772408250000004
2010-05-23,-0.0143775729,0.00377805846,-9.7788873e-09,0.0694625285
2010-05-30,-0.023955873699999998,0.00209082002,-9.7788873e-09,0.03231093148
2010-06-06,-0.024303891299999998,0.00352193562,-9.7788873e-09,0.0359403489
2010-06-13,-0.0345006713,0.00237494076,-9.7788873e-09,0.0090599800166
2010-06-20,-0.0215944195,0.00250004708,-9.7788873e-09,0.019085909385
2010-06-27,-0.0226842746,0.00236229855,-9.7788873e-09,0.015182892701144
2010-07-04,-0.0281017574,0.0021265616,-9.7788873e-09,0.00099225602193
2010-07-11,-0.0240676027,0.00198600311,-9.7788873e-09,0.011888083754399998
2010-07-18,-0.019118542,0.00175850167,-9.7788873e-09,0.0224193195076
2010-07-25,-0.017408616000000002,0.00156024572,-9.7788873e-09,0.02089584172
2010-08-01,-0.0160359688,0.00173290234,-9.7788873e-09,0.058976958
2010-08-08,-0.0200304062,0.00233855799,-9.7788873e-09,0.037340590769
2010-08-15,-0.0237033666,0.00130455245,-9.7788873e-09,0.012783618826000001
2010-08-22,-0.0218751945,0.00122075657,-9.7788873e-09,0.013454741291
2010-08-29,-0.0172730397,0.00120106776,-9.7788873e-09,0.03042332699
2010-09-05,-0.0151156566,0.00279595939,-9.7788873e-09,0.0647441805
2010-09-12,-0.0116775024,0.00113421335,-9.7788873e-09,0.016136752719999998
2010-09-19,-0.0131282503,0.0011114092,-9.7788873e-09,0.012114489206
2010-09-26,-0.013318475100000001,0.00117489144,-9.7788873e-09,0.017408869587859
2010-10-03,-0.0078207694,0.00167007188,-9.7788873e-09,0.044481061110930004
2010-10-10,-0.0091548027,0.00113259621,-9.7788873e-09,6.53486562e-05
2010-10-17,-0.00484230006,0.0012005768,-9.7788873e-09,0.0018737584870000001
2010-10-24,-0.00601834211,0.00123896947,1.40521606805e-05,0.004870865879999999
2010-10-31,-0.0052693544000000005,0.00123994606,2.3679167805e-06,0.002606543780229
2010-11-07,-0.00618016978,0.00130236844,-9.7788873e-09,0.01442239604288
2010-11-14,-0.00642573346,0.00147343676,-9.7788873e-09,0.0299212293864
2010-11-21,-0.00252308503,0.0012931169,-9.7788873e-09,0.010055624474
2010-11-28,-0.00349244108,0.00158211206,5.1098190432199995e-05,0.026213425935
2010-12-05,-0.001025633602,0.00132124494,-9.7788873e-09,0.026266051449000002
2010-12-12,-0.001024881754,0.00173828945,0.0223849507060322,0.0366680054
2010-12-19,-0.0002180920282,0.0015398372000000001,-9.7788873e-09,0.01146964184
2010-12-26,-0.00023093502100000006,0.0022528368700000002,0.0280814602862322,0.01245325731
2011-01-02,-0.000983709436,0.00196915774,4.8668330644e-06,0.008102174004999999
2011-01-09,-0.00026523068400000007,0.00290556193,0.0306612245357517,0.006123652891
2011-01-16,-0.001317994828,0.00333161728,0.0085977953409839,0.02140438613
2011-01-23,-0.00168606827,0.00404555991,9.4867013836e-06,0.009605031645000001
2011-01-30,-0.001319616206,0.00478737102,1.8275037495600002e-05,0.002589375684
2011-02-06,-0.00261959969,0.00528722141,0.0053958458059517,0.01044796016054
2011-02-13,-0.00377399874,0.00540235002,0.0004354812612439,0.00875100984975
2011-02-20,-0.00233563352,0.00542326288,7.377244821949999e-05,0.0034012823055110004
2011-02-27,-0.0018229069,0.00549413654,8.019385190339999e-05,0.0005239306485
2011-03-06,-0.0035753238200000002,0.00548727627,1.5682598995000002e-06,0.000591304080183
2011-03-13,-0.0063714194600000005,0.0053936754699999995,0.0001518333819195,0.003801746754742
2011-03-20,-0.00662541367,0.00543427242,0.0033599960379356005,0.030284532486
2011-03-27,-0.008852389169999999,0.00501294821,0.0006759555911678,0.002524713627492
2011-04-03,-0.0124604923,0.00479175808,5.491472034e-07,0.00378866850091
2011-04-10,-0.0128324183,0.00454369543,9.7788873e-09,0.010502548764
2011-04-17,-0.0131323949,0.00425174386,6.97347014956e-05,0.012283659441
2011-04-24,-0.0184418798,0.0038393080400000003,9.7788873e-09,0.002302372448242
2011-05-01,-0.018231066,0.00349743338,9.7788873e-09,0.01760400708
2011-05-08,-0.015258857,0.00320327852,0.0041849255469517,0.0248810969738
2011-05-15,-0.0186091253,0.00277352989,9.7788873e-09,0.014780089186742
2011-05-22,-0.0181531879,0.0024076496,9.7788873e-09,0.00506044527
2011-05-29,-0.0156136026,0.00212434429,9.7788873e-09,0.019207817535371003
2011-06-05,-0.0225147637,0.0018256493399999999,9.7788873e-09,0.007965519970871
2011-06-12,-0.0177946722,0.00161911675,9.7788873e-09,0.014844786425371
2011-06-19,-0.0172872238,0.00143582007,9.7788873e-09,0.012145931427
2011-06-26,-0.0207789188,0.00132867593,9.7788873e-09,0.0215124311
2011-07-03,-0.0165288759,0.00138935502,9.7788873e-09,0.0446817344354
2011-07-10,-0.0211166884,0.00144050576,9.7788873e-09,0.0320177852725
2011-07-17,-0.0257643677,0.00198283392,9.7788873e-09,0.04096986702712
2011-07-24,-0.0186855362,0.0040425886,9.7788873e-09,0.07306332045
2011-07-31,-0.0162395893,0.00113325395,9.7788873e-09,0.02487367026
2011-08-07,-0.0241655411,0.00098448715,9.7788873e-09,0.020256045250870998
2011-08-14,-0.0212405543,0.000905947805,9.7788873e-09,0.012174545205871
2011-08-21,-0.0233038795,0.0013334919099999998,9.7788873e-09,0.024536979138240003
2011-08-28,-0.0221003752,0.001097678271,9.7788873e-09,0.0166244523355
2011-09-04,-0.015577387,0.0007177479400000001,9.7788873e-09,0.00025829654254099995
2011-09-11,-0.014847407100000001,0.000771092586,9.7788873e-09,0.022622455977171
2011-09-18,-0.012617990400000001,0.000650247492,9.7788873e-09,0.000839444414191
2011-09-25,-0.00756712353,0.00064398962,9.7788873e-09,0.004975970550571
2011-10-02,-0.00836101166,0.000603180155,9.7788873e-09,0.000320426744233
2011-10-09,-0.00633939873,0.000613558856,9.7788873e-09,0.012756661037871
2011-10-16,-0.0067747223,0.000622303769,4.44092134e-08,0.0191351941982
2011-10-23,-0.00476170242,0.00055716619,9.7788873e-09,0.005756629637742
2011-10-30,-0.00468190303,0.00054992083,9.7788873e-09,0.0072394573674
2011-11-06,-0.00335611508,0.000502642034,9.7788873e-09,0.000170477536411
2011-11-13,-0.00226418098,0.000495233704,5.55171734e-08,0.000110780382613
2011-11-20,-0.00083948488,0.00047486613,9.4309217486e-06,0.0007692957777999999
2011-11-27,-0.00137119305,0.00045952823,3.991558027e-07,0.0003873851483
2011-12-04,-0.002316743876,0.000476904201,6.640912034e-07,0.007544594833600001
2011-12-11,-0.0043794584,0.000543028531,0.0008521065182239,0.02358424900084
2011-12-18,-0.00298974918,0.000454820638,0.000265811575,0.0065665554024999994
2011-12-25,-0.001090107996,0.000454650306,0.0007324819062558,0.008662498523270001
2012-01-01,-0.00188970938,0.000433508131,0.0007815973772839,0.00883958036
2012-01-08,-0.00418590679,0.000564474852,0.004022561908,0.0288387952
2012-01-15,-0.00354079445,0.000493398961,0.0024743240025424996,0.0223400581
2012-01-22,-0.0013501981562,0.000514034848,0.0120593902573,0.02640776514
2012-01-29,-0.00158047727,0.000400640782,0.0002461178697,0.004720077476542
2012-02-05,-0.000762481503,0.000400469105,0.0,0.00031720202589999996
2012-02-12,-0.000756858932,0.000404958304,0.0,0.0025535689537
2012-02-19,-0.001471939952,0.000535752208,0.010886284,0.02546136701
2012-02-26,-0.0035173310730000004,0.001060218284,0.023228597344,0.01769282368
2012-03-04,-0.00261845911,0.000626829476,0.004770301283946,0.012468794286282002
2012-03-11,-0.00544371655,0.0005996557049999999,0.0008618281977,0.0062027215864810005
2012-03-18,-0.00725733635,0.000618546576,2.2530083389999997e-06,0.003072303226082
2012-03-25,-0.00848302837,0.00064171171,0.0,0.000604083095142
2012-04-01,-0.012363544800000001,0.0007849486160000001,0.0004056055961165,0.022973100176799998
2012-04-08,-0.01038006699,0.000745535836,7.5033424e-05,0.0131895021143
2012-04-15,-0.013770110050000001,0.000747302205,0.0,0.013452007717522002
2012-04-22,-0.0146404242,0.00074288764,0.0,0.01426122766
2012-04-29,-0.0244397821,0.000668522176,0.0,0.005766801859484
2012-05-06,-0.0215112114,0.000651889354,0.0,0.014089349515871
2012-05-13,-0.0184183155,0.000625781848,0.0,0.014271089445242
2012-05-20,-0.0173919006,0.000544939987,0.0,0.001729566967042
2012-05-27,-0.014995885,0.000507834536,0.0,0.0011668984798710001
2012-06-03,-0.013671286000000001,0.0005476977709999999,0.0,0.023181926563999998
2012-06-10,-0.018278433099999998,0.000673251446,0.0,0.04363962325
2012-06-17,-0.021216555999999998,0.000887857801,0.0,0.034565106115871
2012-06-24,-0.0258909129,0.000445990269,0.0,0.0098727561716
2012-07-01,-0.0241255188,0.000443724371,0.0,0.016906928317
2012-07-08,-0.0271559185,0.000440963124,0.0,0.020295503450000002
2012-07-15,-0.0198704624,0.000351624764,0.0,0.00572430044
2012-07-22,-0.019053271099999998,0.000364394388,0.0,0.013164284710000002
2012-07-29,-0.019432140799999997,0.000358202758,0.0,0.017921280386741997
2012-08-05,-0.0150882363,0.000315421279,0.0,0.0116831461555
2012-08-12,-0.0191401232,0.000458409909,0.0,0.041448604820000005
2012-08-19,-0.0141916004,0.00026123271799999997,0.0,0.002771750774471
2012-08-26,-0.013766317,0.000366479997,0.0,0.0252453982015
2012-09-02,-0.0143054724,0.00027186473,0.0,0.012192410987530001
2012-09-09,-0.0120514945,0.000238615901,0.0,0.006696411543
2012-09-16,-0.0126119767,0.000329911046,0.0,0.028005292165742
2012-09-23,-0.0110120202,0.000238090233,0.0,0.008816507539632
2012-09-30,-0.011127568000000001,0.000218387476,0.0,0.00580583324978
2012-10-07,-0.0099455087,0.00032544663300000003,0.0,0.0246984195533
2012-10-14,-0.00733262828,0.000224885232,0.0,0.008174972145
2012-10-21,-0.0062218924899999995,0.000273758208,0.0,0.012756437664942
2012-10-28,-0.00391903339,0.000320711692,0.000850300739,0.0302144633
2012-11-04,-0.00338056501,0.000241894471,0.0044577842966,0.010391979
2012-11-11,-0.00464275967,0.000469643885,0.0,0.02266481337626
2012-11-18,-0.0019103941,0.000179304374,1.3333758e-07,0.000628229181
2012-11-25,-0.00183247503,0.000186337181,0.0,0.001863645528
2012-12-02,-0.00229434656,0.000210092753,2.6807732599999998e-05,0.006588431231
2012-12-09,-0.0009861712561,0.000178030653,2.7595249600000003e-06,0.006844165945
2012-12-16,-0.00044069796,0.000273465324,0.009519178,0.0075252870945
2012-12-23,-0.001154061944,0.000254684478,0.0005844241152,0.0103186079099
2012-12-30,-0.00212524759,0.000291441998,0.003168320949,0.008042573629571
2013-01-06,-0.00295316542,0.00034441317299999997,0.0020649464479377,0.019662579397299998
2013-01-13,-0.0015375378099999999,0.000251339329,0.0041838365436631,0.01708940964
2013-01-20,-0.000792257752,0.000213001773,1.95577739e-08,0.00993175944
2013-01-27,-0.0004175063745,0.000223982484,1.95577739e-08,0.01209251204
2013-02-03,-0.00204661473,0.001389739883,0.047327097139,0.026208210529999998
2013-02-10,-0.00259073207,0.000340475315,0.0008202010518708,0.0090175797
2013-02-17,-0.00212260217,0.000375575466,0.0015896796969353999,0.005805761590000001
2013-02-24,-0.0019080634,0.000549089872,0.0103728338980708,0.01894700915
2013-03-03,-0.0032977081300000002,0.000517404368,0.0038959883633000003,0.001456229027
2013-03-10,-0.005542305910000001,0.000690470314,0.0008400996142999999,0.0183711336173
2013-03-17,-0.0050442544999999995,0.000582259806,0.0003313693432735,0.00636419287
2013-03-24,-0.00328332897,0.000707746925,0.0069578504359031,0.022447300154
2013-03-31,-0.00594210432,0.000731602726,0.0059128176749030995,0.024943291904
2013-04-07,-0.0030717315699999997,0.00100262711,0.024126169828929,0.013252207555
2013-04-14,-0.01017125256,0.00123833481,0.0203588338448607,0.01386528484
2013-04-21,-0.0181344448,0.0010951475,1.95577739e-08,0.010903601150000001
2013-04-28,-0.0189470136,0.00117459041,1.95577739e-08,0.006807996920499999
2013-05-05,-0.0137949151,0.00207311195,1.95577739e-08,0.0519230144
2013-05-12,-0.021840824,0.00153048261,1.95577739e-08,0.022478108935
2013-05-19,-0.0254455088,0.00141926845,1.95577739e-08,0.00356474865065
2013-05-26,-0.0199402734,0.0014804922200000001,1.95577739e-08,0.01482760087
2013-06-02,-0.018753075600000002,0.0018134833799999998,1.95577739e-08,0.0484541289
2013-06-09,-0.0177251076,0.00261762352,1.95577739e-08,0.0535870531
2013-06-16,-0.0259092143,0.00188220801,1.95577739e-08,0.02230367864
2013-06-23,-0.032603557899999996,0.0018721822599999998,1.95577739e-08,0.015708344466
2013-06-30,-0.0181241223,0.00258427059,1.95577739e-08,0.0417135282
2013-07-07,-0.0306817682,0.00177005441,1.95577739e-08,0.00436595259
2013-07-14,-0.0243844212,0.00190216791,1.95577739e-08,0.02661024806442
2013-07-21,-0.0254790736,0.00167791386,1.95577739e-08,0.01030602106
2013-07-28,-0.0233184323,0.00149717059,1.95577739e-08,0.00085655546904
2013-08-04,-0.0188300679,0.00135798423,1.95577739e-08,0.003806707
2013-08-11,-0.019407983599999998,0.00145907399,1.95577739e-08,0.032840916840000005
2013-08-18,-0.0207974595,0.00112651671,1.95577739e-08,0.0042497444549
2013-08-25,-0.0159928587,0.00107092055,1.95577739e-08,0.015138134792
2013-09-01,-0.0125395515,0.00097061491,1.95577739e-08,0.0062196504357999996
2013-09-08,-0.0154035639,0.0009326548799999999,1.95577739e-08,0.007275779093
2013-09-15,-0.010285743,0.00100073053,1.95577739e-08,0.03367160035
2013-09-22,-0.0107463326,0.00138121993,1.95577739e-08,0.03887665316
2013-09-29,-0.009537700770000001,0.0009989403599999999,1.95577739e-08,0.01881294574
2013-10-06,-0.0087389033,0.00076932042,1.95577739e-08,0.00043916527415
2013-10-13,-0.0066494912100000005,0.00076000522,1.95577739e-08,0.0016219696240000001
2013-10-20,-0.00592082069,0.000833523486,1.95577739e-08,0.0146612344194
2013-10-27,-0.00583987057,0.000755223346,1.95577739e-08,0.005559487107
2013-11-03,-0.00489063339,0.000804150944,1.95577739e-08,0.013334004275593999
2013-11-10,-0.00494220302,0.00076735568,1.95577739e-08,0.011098713025
2013-11-17,-0.00202653187,0.000686879334,2.80754952e-08,0.0007874247196
2013-11-24,-0.00232803432,0.00076958841,2.068700262e-07,0.01226630028
2013-12-01,-0.0034524545,0.00071585701,0.00025274330436770003,0.010975068234
2013-12-08,-0.0036319217300000003,0.000699423541,0.0011841494252354,0.01037600021
2013-12-15,-0.001544396056,0.000809918346,0.0025415952017254,0.014193479441
2013-12-22,-0.00192880933,0.0006803645389999999,0.0002381519482354,0.00151036366912
2013-12-29,-0.00234928269,0.00069201243,0.0003946888244031,0.0014085498135
2014-01-05,-0.0016060962960000001,0.000735248014,1.329155767e-07,0.0068292137950000005
2014-01-12,-0.00379537526,0.000753113256,4.7801723e-06,0.00866309681
2014-01-19,-0.00244994785,0.000880815236,0.00054716073028,0.01979148585
2014-01-26,-0.00201632545,0.000772219766,2.162277e-05,0.0106843550917
2014-02-02,-0.002167558325,0.0008032670399999999,0.002817086176,0.005411129281
2014-02-09,-0.0030579847,0.00082490294,0.0009891233,0.00296394557076
2014-02-16,-0.004215152893,0.0009214535,0.000672800259871,0.012579494855
2014-02-23,-0.0040931273,0.00087324138,0.0,0.0015493909313
2014-03-02,-0.005026118059999999,0.00090438447,4.50786e-09,0.00152699640393
2014-03-09,-0.00530724265,0.0009267121100000001,6.937534985e-05,0.0016098228888
2014-03-16,-0.0095261707,0.00109538323,0.000534413471,0.0223639812
2014-03-23,-0.0120792148,0.00113318338,8.728687e-05,0.023638146601999997
2014-03-30,-0.01131874077,0.0009669520099999999,0.00015288719,0.006017669343
2014-04-06,-0.0132593484,0.00091881253,0.0,0.0007682686449999999
2014-04-13,-0.012430123,0.00096285809,0.0,0.012922168579999999
2014-04-20,-0.0153300131,0.00097125118,5.845582e-05,0.01704184435035
2014-04-27,-0.0166674693,0.00101612092,0.0,0.024855728469999998
2014-05-04,-0.0170361631,0.00089422182,0.0,0.011845554991999999
2014-05-11,-0.0192902458,0.000857231565,0.0,0.01192469241
2014-05-18,-0.0166575538,0.001271040344,0.0,0.058453613099999996
2014-05-25,-0.0296951609,0.000761642633,0.0,0.0034597559709999997
2014-06-01,-0.0190810879,0.00089212708,0.0,0.03343780573
2014-06-08,-0.02097447786,0.00077712957,0.0,0.014288719433400002
2014-06-15,-0.0242202257,0.000671242463,0.0,0.0073591761799999995
2014-06-22,-0.0179823676,0.000619670106,0.0,0.00569692008
2014-06-29,-0.0217478552,0.000821338041,0.0,0.047920025426000004
2014-07-06,-0.0262539296,0.000750756932,0.0,0.023872182945
2014-07-13,-0.0239335564,0.001482597756,0.0,0.06247882972
2014-07-20,-0.0277627539,0.000523885344,0.0,0.0063003734500000005
2014-07-27,-0.022308819100000002,0.001054380705,0.0,0.05694985465
2014-08-03,-0.0254879638,0.0008559925499999999,0.0,0.02777015091
2014-08-10,-0.0227487697,0.000995795736,0.0,0.02820746537
2014-08-17,-0.0193056094,0.001066109984,0.0,0.04148738322
2014-08-24,-0.0208526569,0.00067672333,0.0,0.028249283755
2014-08-31,-0.0166821448,0.000646108904,0.0,0.021650662770000002
2014-09-07,-0.0153681053,0.00057859469,0.0,0.0174948010445
2014-09-14,-0.014270652600000001,0.000612733826,0.0,0.019337225450000002
2014-09-21,-0.0140328856,0.000518003546,0.0,0.00959693730822
2014-09-28,-0.0109595416,0.000600576034,0.0,0.01879439264816
2014-10-05,-0.00961964525,0.000560027106,0.0,0.011823908192697
2014-10-12,-0.0085042176,0.000478957701,0.0,0.0009742820831
2014-10-19,-0.00548337219,0.000529448162,0.0,0.0084576832983
2014-10-26,-0.0063293442,0.000878920667,0.0,0.0355553587399
2014-11-02,-0.00336854398,0.000493231826,0.0,0.00015151368334
2014-11-09,-0.00444544185,0.000692274265,0.0,0.01757200445417
2014-11-16,-0.00306920665,0.00054336092,0.0,0.00266189486947
2014-11-23,-0.00281545937,0.000610205694,1.30744836e-06,0.007263160241000001
2014-11-30,-0.00217923977,0.000643534801,5.086136493237e-05,0.007851975337699999
2014-12-07,-0.00107506226,0.000628393657,5.484028061e-06,0.001981427564095
2014-12-14,-0.0023852562,0.000674339328,8.6343820342e-05,0.0048707672596
2014-12-21,-0.00451320461,0.00085468354,0.000172847939,0.01990694935
2014-12-28,-0.0052292417300000005,0.000919978434,0.00019388060904,0.0215352189614
2015-01-04,-0.00213375306,0.000716480524,0.00182480621,0.00839744306
2015-01-11,-0.00373328287,0.00088076948,0.0059829980783,0.0230839035
2015-01-18,-0.00357849689,0.000800184053,0.000815500005,0.010101737178
2015-01-25,-0.00153440853,0.00085683099,0.0001998813315,0.01107476724
2015-02-01,-0.001633127496,0.0009759972,0.002379541036,0.0122709634264
2015-02-08,-0.0018228138278,0.00105000052,2.8682021296e-05,0.007285718666
2015-02-15,-0.00122737744184,0.0013964478000000002,0.0182680702,0.009024556998186
2015-02-22,-0.00412606505,0.00132745301,0.003004169632444,0.0004000391395
2015-03-01,-0.00447628126,0.00152091591,0.001066792923,0.01014532158
2015-03-08,-0.007515423340000001,0.00160317999,0.00121576540027,0.011564641608
2015-03-15,-0.0073265867,0.00169694865,0.00033179156300000004,0.01060899035
2015-03-22,-0.010310336199999999,0.00166293114,5.226729276e-05,0.000311698543
2015-03-29,-0.00944080946,0.00174727922,0.0,0.01128261286098
2015-04-05,-0.012376413999999999,0.0018922172099999999,0.00449538436,0.0352291091
2015-04-12,-0.0149804262,0.00168166188,0.0003489805,0.003981683354
2015-04-19,-0.0145184962,0.00162805352,1.4081047e-06,0.003062701569
2015-04-26,-0.0164039794,0.00157012181,0.0,0.00330173598993
2015-05-03,-0.0163462924,0.0015691255,1.1255068e-05,0.01828736921356
2015-05-10,-0.0165978247,0.00148695271,0.0,0.019460657103
2015-05-17,-0.0193164904,0.00130728508,0.0,0.0039392512201
2015-05-24,-0.0155530448,0.00146755507,0.0,0.032576485211000004
2015-05-31,-0.0188866584,0.0012061342300000001,0.0,0.0134463293418
2015-06-07,-0.0217236159,0.00104414919,0.0,0.00112418643318
2015-06-14,-0.0164664574,0.00094228239,0.0,0.009513165445
2015-06-21,-0.0177256187,0.000909555124,0.0,0.025969027500000002
2015-06-28,-0.0160941027,0.0008262775699999999,0.0,0.0158664827
2015-07-05,-0.018197139299999998,0.000715862466,0.0,0.0009568755976
2015-07-12,-0.0151609423,0.00063790708,0.0,0.0075226663369689995
2015-07-19,-0.0193507767,0.000628892945,0.0,0.02387070287
2015-07-26,-0.016677402,0.0005389838969999999,0.0,0.012584868173
2015-08-02,-0.0147740201,0.000491676885,0.0,0.008410910392
2015-08-09,-0.0107387428,0.000418993394,0.0,0.0029283303861
2015-08-16,-0.0128664883,0.00038188364,0.0,0.011512093220000002
2015-08-23,-0.0143285611,0.000355657177,0.0,0.009098482424
2015-08-30,-0.0093442792,0.000316628631,0.0,0.0041410995427
2015-09-06,-0.0102632852,0.00034091935,0.0,0.02202850983597
2015-09-13,-0.0113263054,0.00029270097,0.0,0.010510375252
2015-09-20,-0.0119305849,0.000307635855,0.0,0.017813390935274
2015-09-27,-0.0089947064,0.00029216378,0.0,0.012253386665
2015-10-04,-0.00683967723,0.000235992909,0.0,0.00031296767936
2015-10-11,-0.00442594713,0.0002316738,0.0,0.0006809548799
2015-10-18,-0.0044184140600000005,0.00041168521200000003,0.002833494557,0.04749514552
2015-10-25,-0.00456824038,0.00025773379,0.0,0.008484598572
2015-11-01,-0.00400055872,0.000209614889,0.0,0.0002104149061
2015-11-08,-0.00345699711,0.000221721246,0.0,0.0036268701644
2015-11-15,-0.00521574285,0.000338173566,0.0,0.027017612400000002
2015-11-22,-0.00553353799,0.000467964059,3.6916592e-08,0.0329700183
2015-11-29,-0.0021083440299999997,0.000203677421,0.00011094454224999999,0.0033438222640000004
2015-12-06,-0.00356497723,0.000312516445,0.00055347124747,0.015808274961
2015-12-13,-0.00328602768,0.00027783302200000003,1.80454808e-05,0.012299786909999999
2015-12-20,-0.00190290159,0.000224657296,1.695201e-07,0.004813053715
2015-12-27,-0.0023113784180000003,0.000206244147,0.0,0.0021337144386699997
2016-01-03,-0.001385259394,0.000196308018,4.144062e-08,0.00087298056409
2016-01-10,-0.000418954663,0.000197678188,0.0004308884706,0.0045824441
2016-01-17,-0.00184753541,0.000344212119,0.0004095161486,0.022168072556
2016-01-24,-0.0008556350800000001,0.000203298164,0.0011791028,0.006998574925999999
2016-01-31,-0.002577133205,0.000344212859,0.0045582930977373995,0.01150750357
2016-02-07,-0.00457969482,0.00030632885599999997,0.003379118631064,0.01227822588
2016-02-14,-0.0053950716499999996,0.000437302999,0.0018729386756999998,0.02492766684
2016-02-21,-0.00399203358,0.00075319386,0.005563878479,0.042463971
2016-02-28,-0.00491924397,0.000420051309,0.000836813669,0.0160759684862
2016-03-06,-0.00405476806,0.00070957004,0.01097835589,0.0251533715335
2016-03-13,-0.00420168886,0.00060366335,0.000702282411286,0.00832922969
2016-03-20,-0.0079009189,0.000705194561,0.00384737153,0.008395541178796
2016-03-27,-0.009357145,0.0008740238,0.00104443134362,0.012623642334
2016-04-03,-0.0126044126,0.00090618953,5.51505e-06,0.008808110997
2016-04-10,-0.0133171513,0.00104305282,0.0,0.018282021878
2016-04-17,-0.012716012450000001,0.00105905265,0.0,0.013089280918
2016-04-24,-0.0176738501,0.00103112777,0.0,0.00835794085
2016-05-01,-0.0167378409,0.00104108898,7.866766105e-05,0.010711862369999998
2016-05-08,-0.0205868206,0.00102650283,0.0,0.0121273514886
2016-05-15,-0.0197895241,0.00098315027,0.0,0.013638900119999998
2016-05-22,-0.0202430804,0.00092397227,0.0,0.00968408933506
2016-05-29,-0.0200768518,0.0008561855,0.0,0.010629104634
2016-06-05,-0.0233924959,0.00090501652,0.0,0.03272394437535
2016-06-12,-0.0217258971,0.000723399044,0.0,0.001252675213
2016-06-19,-0.0231967859,0.000754413202,0.0,0.02452262901
2016-06-26,-0.0229116427,0.0007301816949999999,0.0,0.0303525330976
2016-07-03,-0.0244361588,0.000712226364,0.0,0.0355232113248
2016-07-10,-0.0237228144,0.000542975909,0.0,0.0049385253472999996
2016-07-17,-0.0185567539,0.00171864042,0.0,0.07750105886
2016-07-24,-0.0228068278,0.000479398265,0.0,0.002474058528512
2016-07-31,-0.0229069148,0.000622414809,0.0,0.0359972627
2016-08-07,-0.0222355809,0.000492082707,0.0,0.013461648018
2016-08-14,-0.0178753672,0.000499090718,0.0,0.020337178365
2016-08-21,-0.015384597100000001,0.000448332325,0.0,0.016911790280000002
2016-08-28,-0.0173905991,0.000373536892,0.0,0.0015437850024
2016-09-04,-0.012497491,0.000360541929,0.0,0.00507436331
2016-09-11,-0.0142485375,0.000391955419,0.0,0.016540493349035002
2016-09-18,-0.011603449,0.000375007108,0.0,0.016867410413
2016-09-25,-0.0089260711,0.000306248817,0.0,0.00446471085469
2016-10-02,-0.0082827269,0.000300984029,0.0,0.00488547697909
2016-10-09,-0.00685833835,0.000584459414,1.1972676e-05,0.049488686080000004
2016-10-16,-0.00613001987,0.00039755431,0.0,0.0179395899134
2016-10-23,-0.00411259701,0.000484154546,0.0,0.02527306451
2016-10-30,-0.00522739919,0.00035186866,0.0,0.010438231197
2016-11-06,-0.005771714250000001,0.000464906262,1.4013523799999998e-05,0.0203552479826
2016-11-13,-0.00328692412,0.000353598742,0.000282897908,0.00738804576
2016-11-20,-0.0030344151699999997,0.000773908762,0.000930740036,0.028198293412
2016-11-27,-0.00270073383,0.000373070715,2.32374686e-07,0.00294082645253
2016-12-04,-0.00249067531,0.00071362318,0.01731946393245,0.029342191611
2016-12-11,-0.003137049764,0.000602285014,0.0038169359937440003,0.010926520745100001
2016-12-18,-0.001391611615,0.000609955494,0.000520722580508,0.009409374413
2016-12-25,-0.001000164942,0.0007549595399999999,0.001189751151,0.01191175461357
2017-01-01,-0.00265934636,0.000746956642,0.000295554941,0.004461301570042
2017-01-08,-0.001575355511,0.000797942669,0.00048802336413,0.013105753954999999
2017-01-15,-0.0014663670026,0.00087867875,0.00156972977,0.00851031933767
2017-01-22,-0.00066365915,0.00092056179,6.74770754e-05,0.002121219769
2017-01-29,-0.000567743588,0.0009721090600000001,1.9531515e-06,0.001778041039942
2017-02-05,-0.000750129054,0.00112233183,0.00938926448,0.00851818198363
2017-02-12,-0.00239457526,0.00103383569,6.99435555e-06,0.002438883105
2017-02-19,-0.00083240871,0.00139142193,0.02472029238,0.0066963620985
2017-02-26,-0.00601188665,0.0021210871299999997,0.02056714056,0.02744876112
2017-03-05,-0.0090851139,0.00190074732,0.0076077321,0.011633419570000001
2017-03-12,-0.00636295069,0.00247765547,0.004570534560000001,0.017491829744
2017-03-19,-0.00800343196,0.0029602433799999998,0.009655022400000001,0.015649723238
2017-03-26,-0.00801261113,0.00363288733,0.011298858233,0.0131827574355
2017-04-02,-0.0157898232,0.00399699885,1.7127368e-05,0.00168266530494
2017-04-09,-0.0132004261,0.0043367839,4.789197e-08,0.01983757442
2017-04-16,-0.0162597081,0.00431941492,2.8338076e-07,0.018016330400000002
2017-04-23,-0.013748410400000001,0.00440477305,0.011212888396,0.035220148572
2017-04-30,-0.01300352035,0.00590250076,0.0010916805004,0.055517396074999996
2017-05-07,-0.0141494094,0.00527624708,4.284152e-06,0.019673671862899998
2017-05-14,-0.0201727304,0.00571703755,3.8181315e-07,0.006050486989
2017-05-21,-0.0240456202,0.00575200218,0.0,0.00848987673
2017-05-28,-0.023123165,0.00554611598,0.0,0.015600735462999999
2017-06-04,-0.0292805759,0.00507305325,0.0,0.017365277709999998
2017-06-11,-0.0256672748,0.0044865401,0.0,0.018446063675
2017-06-18,-0.0195064724,0.00387976815,0.0,0.009553245946042
2017-06-25,-0.0235800034,0.00337385554,0.0,0.0127867614122
2017-07-02,-0.0225065946,0.00289647811,0.0,0.01248843921
2017-07-09,-0.0180734301,0.00253218735,0.0,0.010814978026
2017-07-16,-0.0225378273,0.00292090047,0.0,0.04614326642
2017-07-23,-0.0230103511,0.0021033488,0.0,0.026166399445000002
2017-07-30,-0.0210500101,0.00186495755,0.0,0.017017727431064
2017-08-06,-0.0212930762,0.00160083036,0.0,0.004334248407310001
2017-08-13,-0.015136796,0.00143333427,0.0,0.012786521407580001
2017-08-20,-0.0138066953,0.0013278521,0.0,0.020890894081175997
2017-08-27,-0.0161937129,0.00116513952,0.0,0.007485219085
2017-09-03,-0.0111847175,0.00111451944,0.0,0.021778137662999998
2017-09-10,-0.0147483272,0.00105061698,0.0,0.020767759047
2017-09-17,-0.0131745809,0.0017771623100000002,0.0,0.06583719929000001
2017-09-24,-0.00890335669,0.0020482562800000002,0.0,0.06092080168
2017-10-01,-0.011934985,0.00089516992,0.0,0.00249836640796
2017-10-08,-0.0103820836,0.00142854146,0.0,0.04105681134
2017-10-15,-0.0076609161,0.00099103607,0.0,0.006756107586
2017-10-22,-0.00573975451,0.00109196724,0.0,0.00857987263
2017-10-29,-0.00793696575,0.00214355421,0.0,0.04301096965
2017-11-05,-0.00584014801,0.00144204964,1.1747891e-06,0.0149194459785
2017-11-12,-0.00491471056,0.0018009712300000001,0.0001456844425,0.017241359078
2017-11-19,-0.00355260962,0.00212594969,0.00047925652000000004,0.012986244333999999
2017-11-26,-0.00345691699,0.00251375542,0.00073213180668,0.014808510869399999
2017-12-03,-0.0016522321800000002,0.0027697524,0.0012922199343840001,0.019863824873
2017-12-10,-0.003150918533,0.00336827604,0.011032004716,0.01593565404
2017-12-17,-0.00280816954,0.00352559751,0.00043514002022000003,0.0032653459598
2017-12-24,-0.002054189442,0.0039440931,0.0025025233395337,0.01639601423
2017-12-31,-0.0028764418399999997,0.00409698134,0.0008889314454585999,0.0136159756269
2018-01-07,-0.00300435777,0.00425504914,0.00070017342217421,0.01084197353
2018-01-14,-0.002199660804,0.00435539009,1.121323107228e-05,0.005506406799383
2018-01-21,-0.00265747987,0.00441887872,0.00134316696393228,0.012649609819800001
2018-01-28,-0.00235890687,0.00451246967,0.00239147374380807,0.00483915649013
2018-02-04,-0.00413966714,0.00461440072,0.00026313903087807,0.01595850009
2018-02-11,-0.0018369802400000001,0.00449771835,2.5849018403500003e-06,0.0029675734927
2018-02-18,-0.00267326352,0.00452756143,0.0010465494707,0.004504249666
2018-02-25,-0.00299530359,0.00448608784,4.9340758403499995e-06,0.001432267855025
2018-03-04,-0.00160104867,0.00443471371,-4.8894435100000006e-09,0.000487878875
2018-03-11,-0.00446621908,0.0044063787,0.00038540789301614003,0.00388102042632
2018-03-18,-0.0064977274,0.00434131758,7.400268397227999e-05,0.018999779324000002
2018-03-25,-0.0061807517499999996,0.00416006506,9.831877757028e-05,0.001063038074
2018-04-01,-0.008053726399999999,0.00420445973,9.870328479421e-05,0.0209599663
2018-04-08,-0.0147483583,0.00386328854,0.00022108826554035,0.001233060035
2018-04-15,-0.0181150772,0.0036574488,-4.8894435100000006e-09,0.0074394746814499995
2018-04-22,-0.0158997271,0.00332270264,-4.8894435100000006e-09,0.004674565235
2018-04-29,-0.0156865963,0.00296153086,-4.8894435100000006e-09,0.012050871536
2018-05-06,-0.0157673513,0.00257349415,-4.8894435100000006e-09,0.006139628265
2018-05-13,-0.0171302785,0.00225111624,-4.8894435100000006e-09,0.00873533574
2018-05-20,-0.0164264154,0.00215893885,-4.8894435100000006e-09,0.043201156188
2018-05-27,-0.0239489078,0.00180825022,-4.8894435100000006e-09,0.006246071871996
2018-06-03,-0.0215899073,0.00162482019,-4.8894435100000006e-09,0.01849882076
2018-06-10,-0.021186895,0.00139662394,-4.8894435100000006e-09,0.006492545623
2018-06-17,-0.0187904736,0.0012781019000000001,-4.8894435100000006e-09,0.02146150541
2018-06-24,-0.0171058376,0.00110998521,-4.8894435100000006e-09,0.01105959377575
2018-07-01,-0.0213597355,0.00109185718,-4.8894435100000006e-09,0.02734544555
2018-07-08,-0.0214853158,0.0009068800100000001,-4.8894435100000006e-09,0.0009936428547
2018-07-15,-0.0193748701,0.0009014562099999999,-4.8894435100000006e-09,0.02881112342
2018-07-22,-0.0198020316,0.00099687217,-4.8894435100000006e-09,0.0468568798972
2018-07-29,-0.0247816104,0.000788415654,-4.8894435100000006e-09,0.021655050163
2018-08-05,-0.0215964336,0.00067283764,-4.8894435100000006e-09,0.00913092637
2018-08-12,-0.017246686599999998,0.000668855576,-4.8894435100000006e-09,0.02792817427154
2018-08-19,-0.0171004907,0.0005326637899999999,-4.8894435100000006e-09,0.0043599157327
2018-08-26,-0.0125868543,0.00054107999,-4.8894435100000006e-09,0.019213040128
2018-09-02,-0.015060286499999999,0.000454865468,-4.8894435100000006e-09,0.0041775348893
2018-09-09,-0.0116889892,0.00044944974900000003,-4.8894435100000006e-09,0.0091365827268
2018-09-16,-0.0102389101,0.000451424235,-4.8894435100000006e-09,0.019045193527
2018-09-23,-0.0129325749,0.00040789035,-4.8894435100000006e-09,0.012459663953834
2018-09-30,-0.010443705040000001,0.000367110555,-4.8894435100000006e-09,0.0059421804
2018-10-07,-0.0088637358,0.00035513575800000003,-4.8894435100000006e-09,0.00581479317
2018-10-14,-0.00547535198,0.000322164254,-4.8894435100000006e-09,3.4177417629999995e-05
2018-10-21,-0.0036148369500000003,0.000316434892,-4.8894435100000006e-09,0.00267026969
2018-10-28,-0.0069436557699999995,0.000465669083,-4.8894435100000006e-09,0.04500862579
2018-11-04,-0.0053026665600000005,0.000337775849,-4.8894435100000006e-09,0.0098481064527
2018-11-11,-0.0032341792,0.000280292465,-4.8894435100000006e-09,8.256037665e-05
2018-11-18,-0.00280413996,0.000275673466,-4.8894435100000006e-09,0.00367304744323
2018-11-25,-0.0017894756200000001,0.00027088811400000003,0.000124847083,0.005744883589
2018-12-02,-0.00142138936,0.00026373617900000003,3.056627054035e-05,0.003679656075891
2018-12-09,-0.00337099651,0.000400544697,7.789129964107e-05,0.027351946605000003
2018-12-16,-0.00225297147,0.000274473241,0.00047080461552421,0.01605900368
2018-12-23,-0.00249962323,0.00035469064,0.00272736400432814,0.0168145106754
2018-12-30,-0.00235106261,0.000460807624,0.00142688986111614,0.029597446700000002
2019-01-06,-0.0030700930399999997,0.00032205387,0.0031142444533725,0.02758969014
2019-01-13,-0.001076666311,0.000391782084,0.012448680259170002,0.023699701305
2019-01-20,-0.00277915601,0.0006154163199999999,0.02045692248,0.0193879481401
2019-01-27,-0.001089549254,0.00026620266,0.0011263699,0.005183091572
2019-02-03,-0.001756999086,0.00043953990700000003,0.005063140176,0.01887533645
2019-02-10,-0.002119918113,0.00038189294000000003,0.0073284343279,0.0072036684431
2019-02-17,-0.00459322333,0.000406782506,0.00135839677,0.00876253525
2019-02-24,-0.00570077743,0.000480449077,1.51787465e-06,0.013179424160000001
2019-03-03,-0.00529920036,0.000390182268,0.0005447676906,0.00083531987694
2019-03-10,-0.0106019645,0.000524171172,0.000911206313,0.015258365150000001
2019-03-17,-0.011410089,0.000565307121,0.00086145386154,0.0208993232
2019-03-24,-0.00829925848,0.000442138784,0.0,0.00345200935
2019-03-31,-0.0107292517,0.00047706552,5.434455e-05,0.008199670213
2019-04-07,-0.014402161,0.00045852828899999997,0.0,0.005546862076
2019-04-14,-0.009728555600000001,0.000427542738,0.0006569921221,0.004402534608
2019-04-21,-0.0128683107,0.000403595877,0.0,0.000270668868
2019-04-28,-0.0094986616,0.00042951787,0.0,0.016241701124000002
2019-05-05,-0.01411518846,0.000446660836,1.18507565e-07,0.019975086740000002
2019-05-12,-0.0149896882,0.000433272238,0.0,0.019432406344
2019-05-19,-0.01438262806,0.00057888188,0.0,0.0326019095
2019-05-26,-0.0194266413,0.002327423583,0.0,0.040482731790000004
2019-06-02,-0.0243850821,0.0005038470349999999,0.0,0.02262248808
2019-06-09,-0.0264474774,0.000311648696,0.0,0.003383386094
2019-06-16,-0.023067193,0.000376391838,0.0,0.02377152323
2019-06-23,-0.0205836301,0.000308366607,0.0,0.01237877649737
2019-06-30,-0.0174657209,0.000242257497,0.0,0.0006954603010000001
2019-07-07,-0.0152959638,0.000242870131,0.0,0.0087752036744
2019-07-14,-0.0144797578,0.000261760196,0.0,0.01930946844
2019-07-21,-0.0145901721,0.000196801856,0.0,0.005080153909513
2019-07-28,-0.011935833600000001,0.000190419718,0.0,0.00934674356
2019-08-04,-0.0162428202,0.000298618995,0.0,0.02521467608
2019-08-11,-0.0190190698,0.000269935781,0.0,0.028822817743
2019-08-18,-0.0182221506,0.000265545411,0.0,0.03059789713
2019-08-25,-0.0175494981,0.000192690906,0.0,0.0150043688312
2019-09-01,-0.0154838795,0.00014352302400000001,0.0,0.004259214786
2019-09-08,-0.0129817023,0.00021212045600000002,0.0,0.025050166042
2019-09-15,-0.0147712547,0.000234668323,0.0,0.019189151826790003
2019-09-22,-0.0116522345,0.000135481513,0.0,0.00644180806952
2019-09-29,-0.0094808853,0.00016954368299999998,0.0,0.013857637180799999
2019-10-06,-0.010141105899999999,0.000191245795,0.0,0.01854470119
2019-10-13,-0.0089457837,0.0001862465885,0.0,0.014661251671593
2019-10-20,-0.00654079423,9.89094405e-05,0.0,7.482801851099999e-05
2019-10-27,-0.00471716696,0.000102177328,0.0,0.00197393526879
2019-11-03,-0.00309556508,0.000118428681,2.7231483e-08,0.0044898437687
2019-11-10,-0.00321185075,0.00015626383,0.0,0.010252252043
2019-11-17,-0.0031510368700000003,0.000172625825,4.0842375e-09,0.01495905241
2019-11-24,-0.00285309404,0.000113657331,0.0,0.0034929423846569996
2019-12-01,-0.00268615554,0.000111926734,3.6065562999999998e-06,0.004564862821
2019-12-08,-0.00190695214,0.000102375446,0.00010451711199999999,0.00381140253665
2019-12-15,-0.00296113643,0.000130908653,4.2216721e-08,0.0072989325726
2019-12-22,-0.001484996854,0.00015968872400000001,0.0,0.0103759335985
2019-12-29,-0.00263206565,0.000222007763,1.0792637659999999e-05,0.0210612807
2020-01-05,-0.00263026849,0.0001158235485,8.280888451e-05,0.005798210131599
2020-01-12,-0.00251965597,0.000146165855,0.00030505008105379997,0.008009881615
2020-01-19,-0.0014846803910000001,0.000123900064,0.00010897654649,0.005180979309
2020-01-26,-0.00136003871,9.9552745e-05,4.30857797e-05,0.0011330532951
2020-02-02,-0.004346535150000001,0.000245465719,5.16770116e-05,0.022047569016999998
2020-02-09,-0.00392332896,0.0003856542,0.000211370557,0.0266430197
2020-02-16,-0.00680822019,0.000180056051,0.0004109081317,0.012783223444
2020-02-23,-0.00714443658,0.000359649974,0.00047594885700000006,0.027812660402
2020-03-01,-0.00797525526,0.000246965975,0.0002034109917,0.01694843097
2020-03-08,-0.00642829177,0.00024625271,6.8894566e-05,0.0140278412545
2020-03-15,-0.010099039800000001,0.000210363576,3.1578263e-06,0.010602999029
2020-03-22,-0.0100639287,0.000201044746,2.7002075999999998e-05,0.00964601976519
2020-03-29,-0.0110750667,0.000147260471,1.46991e-06,0.0018770810840000002
2020-04-05,-0.0097226828,0.00015018898500000001,0.000136654297,0.003526733735
2020-04-12,-0.0126688907,0.000139993126,0.0,1.7404867e-05
2020-04-19,-0.0067053396000000005,0.000145814203,3.3665888e-06,0.0021376616839999998
2020-04-26,-0.00597263892,0.000134356499,0.0,0.0022435093458540003
2020-05-03,-0.0104754904,0.000164326864,0.0,0.017830880732400002
2020-05-10,-0.013967303,0.00016001201200000002,1.44730575e-05,0.014016389819999999
2020-05-17,-0.0152129007,0.000170742444,9.202133299999999e-05,0.0191631060095
2020-05-24,-0.0136806072,0.000178190361,0.0,0.019754499518
2020-05-31,-0.0169118849,0.000234903234,0.0,0.031149783270000002
2020-06-07,-0.0213154618,0.000145368437,0.0,0.01323999531445
2020-06-14,-0.0169622793,0.000133713203,0.0,0.00942014607
2020-06-21,-0.0153397237,0.000504603212,0.0,0.062816757311
2020-06-28,-0.024165660300000003,0.000402393603,0.0,0.028240657199999998
2020-07-05,-0.0283757774,0.004161272518,0.0,0.0525931526397
2020-07-12,-0.0241270446,0.000274758573,0.0,0.030942895470000002
2020-07-19,-0.0224913978,0.00019529278450000002,0.0,0.019940252946
2020-07-26,-0.0235599046,9.6682446e-05,0.0,0.0042457708847
2020-08-02,-0.019837416,8.8244493e-05,0.0,0.0032227279258000003
2020-08-09,-0.0181820653,0.000169612324,0.0,0.0250870394127
2020-08-16,-0.0164364976,8.36712085e-05,0.0,0.00362620506524
2020-08-23,-0.017286240300000002,0.00019807085200000002,0.0,0.032765623786
2020-08-30,-0.0168185247,0.00019889339999999998,0.0,0.029559193659999997
2020-09-06,-0.013129597,0.00031130691700000004,0.0,0.03265461823
2020-09-13,-0.015234886500000001,7.99918505e-05,0.0,0.0016952913789
2020-09-20,-0.0132574101,6.8889066e-05,0.0,0.0009926689834
2020-09-27,-0.0101101141,0.000167727224,0.0,0.02366448619
2020-10-04,-0.00856409145,0.000315664214,0.0,0.03718606905
2020-10-11,-0.0086101074,0.000130782054,0.0,0.010806134776
2020-10-18,-0.00622258774,0.0021829396100000002,0.0,0.0711962037
2020-10-25,-0.00633207251,0.000122861007,0.0,0.0064986924604
2020-11-01,-0.00481661078,0.0002890000485,0.0,0.017588300549999998
2020-11-08,-0.0030294286799999997,0.00055733371,0.0,0.0191586254531
2020-11-15,-0.00258218202,0.000111043686,0.0,0.0015053714848
2020-11-22,-0.00361133113,0.000147496544,7.322443e-08,0.0032543028300000003
2020-11-29,-0.00244484394,0.000188048955,0.00012806507246344,0.0085854103463
2020-12-06,-0.0018758343400000002,0.000164852813,0.000668806805892,0.00041257492605
2020-12-13,-0.001202860593,0.000190617159,0.000207565287,0.0038332635849999998
2020-12-20,-0.0012646250599999999,0.000197980927,1.894461201e-07,0.001280969517297
2020-12-27,-0.0025814986380000003,0.000360931948,3.0199298e-06,0.0163462280104
2021-01-03,-0.001703366145,0.00040628582800000004,0.00011885932119,0.015964293293
2021-01-10,-0.001139232335,0.000337660088,0.0002811561838249,0.01459968429
2021-01-17,-0.0008525870730000001,0.000296292147,5.196909359999999e-07,0.01597185216
2021-01-24,-0.0007174117949999999,0.000722973901,0.024870299499999998,0.01535072493273
2021-01-31,-0.001717036371,0.000419955046,0.0004408482532774,0.014279761647
2021-02-07,-0.0026014917,0.000802818366,0.011991432644721802,0.019561485072
2021-02-14,-0.00033275138699999997,0.00061286858,0.0,0.014323695067999999
2021-02-21,-0.0009245710350000001,0.001133854182,0.0277507294,0.01264450789171
2021-02-28,-0.005624044989999999,0.00093681211,0.0014249475044,0.0030232427104380003
2021-03-07,-0.00588372557,0.00107513619,5.3749996620000004e-05,0.003719962521329
2021-03-14,-0.00728695645,0.00128574253,0.0010052364253,0.01478831643
2021-03-21,-0.0063807874,0.00130460215,0.0001695864593,0.01094450477
2021-03-28,-0.0097923325,0.00137276921,0.00015470965009999998,0.005325115069
2021-04-04,-0.0126367266,0.00144980868,2.2115342e-05,0.01076678306698
2021-04-11,-0.014064518,0.00143367185,0.002092183202,0.011082003310228999
2021-04-18,-0.0080575119,0.00159686151,0.008702815976,0.03893382325
2021-04-25,-0.0174651768,0.0014568173000000001,2.4063125e-05,0.01300542172
2021-05-02,-0.0162768292,0.00144458774,0.0,0.01730152490471
2021-05-09,-0.0221275157,0.00141163693,0.0,0.018612999104129
2021-05-16,-0.0246165788,0.00132185208,0.0,0.014928819888258
2021-05-23,-0.0192548745,0.00154536555,0.0,0.04397761315
2021-05-30,-0.0239247065,0.0012470390699999999,0.0,0.015459171440900001
2021-06-06,-0.024417375499999998,0.00112028494,0.0,0.00593586461196
2021-06-13,-0.021884630000000002,0.00107967275,0.0,0.016284031613400002
2021-06-20,-0.0221494865,0.00092338696,0.0,0.00032965674864
2021-06-27,-0.0187572834,0.001104056966,0.0,0.02797048592
2021-07-04,-0.023511780700000002,0.000794168415,0.0,0.01194120837
2021-07-11,-0.022273877,0.000760428595,0.0,0.018036446685999998
2021-07-18,-0.0254236277,0.00106082408,0.0,0.042179410300000005
2021-07-25,-0.0214633435,0.000627903321,0.0,0.0044472509
2021-08-01,-0.0226846824,0.001023396805,0.0,0.044359008602
2021-08-08,-0.02016797,0.002426641831,0.0,0.07283783365
2021-08-15,-0.0250559909,0.000570466846,0.0,0.00713963659
2021-08-22,-0.0191782649,0.000701400633,0.0,0.01821663566
2021-08-29,-0.0127323197,0.00068528931,0.0,0.031712339239
2021-09-05,-0.0150158431,0.00215114592,0.0,0.061352034181128993
2021-09-12,-0.018939228,0.000534805589,0.0,0.0057069505965159995
2021-09-19,-0.0114291481,0.000673054451,0.0,0.022483908294
2021-09-26,-0.010532723,0.000584083825,0.0,0.0107889314
2021-10-03,-0.01022001,0.000536231704,0.0,0.003013589965879
2021-10-10,-0.010138133,0.00063558747,0.0,0.012936111013718
2021-10-17,-0.0069476317,0.000573446466,0.0,0.0070108394742
2021-10-24,-0.00732129935,0.000558675715,0.0,0.004026398023100001
2021-10-31,-0.00622938826,0.00053805354,0.0,1.792692435e-06
2021-11-07,-0.00540514214,0.00067498554,0.0,0.019252474218000002
2021-11-14,-0.00274748901,0.000555850476,0.0,0.0025079977059
2021-11-21,-0.0031315819300000002,0.000580617318,0.0,0.0066563349235
2021-11-28,-0.00203684130037,0.00067387447,0.002251784961,0.0275718287
2021-12-05,-0.00310315975,0.000632983315,0.00693081102,0.013513166129
2021-12-12,-0.0008297940199999999,0.000554801425,1.2937099e-05,0.00988488516
2021-12-19,-0.000687861634,0.000662212906,0.002120446753582,0.00905971523
2021-12-26,-0.001226236105,0.000713158812,0.0085790448965,0.01719403000091
2022-01-02,-7.815272e-05,0.000802295811,0.0025934857092300002,0.01521392556763
2022-01-09,-0.0035784851099999997,0.000840746036,1.3455832e-06,0.01692364868257
2022-01-16,-0.001351487804,0.000775654563,0.00042494018336899995,0.00369449732
2022-01-23,-0.003097018594,0.00088722124,0.0003189346345715,0.012785291716
2022-01-30,-0.004306581893,0.00118561083,0.0126608319708,0.02447288799
2022-02-06,-0.00475149126,0.00120419023,0.0032253803106,0.02388992955
2022-02-13,-0.00458302826,0.00133441025,0.0001975811186,0.01419810338
2022-02-20,-0.00850543225,0.00219458479,0.00021569202,0.02229195077
2022-02-27,-0.00778971025,0.0017273897700000001,0.0003336242965,0.01374149702
2022-03-06,-0.00483160942,0.00181552146,9.9145461e-05,0.002022803136
2022-03-13,-0.006125906469999999,0.0019471351,1.1494580338e-05,0.000778330926
2022-03-20,-0.0096168955,0.0020033664500000003,8.08605325e-05,0.0017767549775000002
2022-03-27,-0.011556444,0.00196940921,0.0,6.356229734600001e-05
2022-04-03,-0.00827412594,0.00201812842,0.001250273031,0.031307527265
2022-04-10,-0.0144479807,0.00212005358,0.002597224562606,0.0313070976
2022-04-17,-0.0161306565,0.00192657932,9.214079e-07,0.0131319076287
2022-04-24,-0.0114290532,0.00187009192,0.00023376091,0.014938285572999999
2022-05-01,-0.0177143945,0.00175132622,0.0,0.0048012809836
2022-05-08,-0.0199747014,0.00170546455,0.0,0.0107521699
2022-05-15,-0.0206480922,0.00152640781,0.0,0.0019253971757
2022-05-22,-0.017957948,0.0013991389100000001,0.0,0.0058235889
2022-05-29,-0.0169380949,0.00139528068,0.0,0.02678574501
2022-06-05,-0.0246079438,0.00131547176,0.0,0.026591382939999998
2022-06-12,-0.023672061199999997,0.0014047833,0.0,0.048737830114
2022-06-19,-0.027964877200000002,0.00110547616,0.0,0.0147316209026
2022-06-26,-0.0292053678,0.0009676417400000001,0.0,0.00647284596693
2022-07-03,-0.0231290004,0.00090249318,0.0,0.017097794617
2022-07-10,-0.0206730819,0.0009324794,0.0,0.02563631884
2022-07-17,-0.0262984969,0.001060068036,0.0,0.025887861456
2022-07-24,-0.0242223328,0.00069455653,0.0,0.005212524796000001
2022-07-31,-0.0183123315,0.000922684301,0.0,0.056619035687
2022-08-07,-0.0239743067,0.000691479181,0.0,0.0192483680022
2022-08-14,-0.0186616838,0.000746203982,0.0,0.03298492007584
2022-08-21,-0.0222000411,0.000621284018,0.0,0.020078820769
2022-08-28,-0.0196504942,0.0011223896400000002,0.0,0.043894146205
2022-09-04,-0.0164207699,0.000502013402,0.0,0.0035383684005
2022-09-11,-0.01544713,0.000815936445,0.0,0.0381470778127
2022-09-18,-0.0120039948,0.00075826516,0.0,0.02794994542
2022-09-25,-0.0101394468,0.00055898855,0.0,0.0150432240166
2022-10-02,-0.00811878336,0.000684711161,0.0,0.02654430247
2022-10-09,-0.0088450123,0.000515474425,0.0,0.0069905922475299994
2022-10-16,-0.00733553619,0.00047782248,0.0,0.0010992696623205
2022-10-23,-0.0074572907800000005,0.000530177345,0.0,0.008388188926
2022-10-30,-0.00532163007,0.000572566805,0.0,0.010411059735900001
2022-11-06,-0.00420296155,0.000536547066,0.0,0.006002427234
2022-11-13,-0.00315833713,0.000511906605,0.0,0.00231293974873
2022-11-20,-0.0024665264199999998,0.000594970875,7.079042e-05,0.012037883879
2022-11-27,-0.001154654267,0.00056273697,0.0027411044407,0.008473790992
2022-12-04,-0.001279421973,0.000527816545,0.0001729103769,0.001056898342
2022-12-11,-0.00197279276,0.000671881515,0.0007037714183000001,0.029475756069999998
2022-12-18,-0.00035339115,0.000569080273,0.0,0.02344407549
2022-12-25,-0.001802656854,0.00113137623,0.025862456916,0.016284648369999998
2023-01-01,-0.00275910031,0.000795113369,2.53497022e-05,0.012076692954600001
